E_t,CS_n,CS_p,Î”n,T,SRH
0.22292367528881452,2.853825695157509e-14,5.661042967223737e-17,10000000000000.0,200,7.123603356183033e-06
0.22292367528881452,2.853825695157509e-14,5.661042967223737e-17,10974987654930.545,200,7.441003303351138e-06
0.22292367528881452,2.853825695157509e-14,5.661042967223737e-17,12045035402587.836,200,7.789210000302308e-06
0.22292367528881452,2.853825695157509e-14,5.661042967223737e-17,13219411484660.287,200,8.171198674563138e-06
0.22292367528881452,2.853825695157509e-14,5.661042967223737e-17,14508287784959.373,200,8.590228862195704e-06
0.22292367528881452,2.853825695157509e-14,5.661042967223737e-17,15922827933410.94,200,9.049870957895802e-06
0.22292367528881452,2.853825695157509e-14,5.661042967223737e-17,17475284000076.83,200,9.554035117969949e-06
0.22292367528881452,2.853825695157509e-14,5.661042967223737e-17,19179102616724.926,200,1.0107002698494326e-05
0.22292367528881452,2.853825695157509e-14,5.661042967223737e-17,21049041445120.22,200,1.0713460419451497e-05
0.22292367528881452,2.853825695157509e-14,5.661042967223737e-17,23101297000831.582,200,1.1378537453176433e-05
0.22292367528881452,2.853825695157509e-14,5.661042967223737e-17,25353644939701.168,200,1.2107845641593208e-05
0.22292367528881452,2.853825695157509e-14,5.661042967223737e-17,27825594022071.258,200,1.2907523050969812e-05
0.22292367528881452,2.853825695157509e-14,5.661042967223737e-17,30538555088334.125,200,1.3784281074619512e-05
0.22292367528881452,2.853825695157509e-14,5.661042967223737e-17,33516026509388.477,200,1.4745455292356827e-05
0.22292367528881452,2.853825695157509e-14,5.661042967223737e-17,36783797718286.34,200,1.5799060289642662e-05
0.22292367528881452,2.853825695157509e-14,5.661042967223737e-17,40370172585965.5,200,1.6953848628102996e-05
0.22292367528881452,2.853825695157509e-14,5.661042967223737e-17,44306214575838.87,200,1.8219374141143932e-05
0.22292367528881452,2.853825695157509e-14,5.661042967223737e-17,48626015800653.53,200,1.9606059702138132e-05
0.22292367528881452,2.853825695157509e-14,5.661042967223737e-17,53366992312063.016,200,2.112526957626543e-05
0.22292367528881452,2.853825695157509e-14,5.661042967223737e-17,58570208180566.734,200,2.2789386418388805e-05
0.22292367528881452,2.853825695157509e-14,5.661042967223737e-17,64280731172843.195,200,2.46118929158351e-05
0.22292367528881452,2.853825695157509e-14,5.661042967223737e-17,70548023107186.31,200,2.660745799374719e-05
0.22292367528881452,2.853825695157509e-14,5.661042967223737e-17,77426368268112.78,200,2.8792027398508638e-05
0.22292367528881452,2.853825695157509e-14,5.661042967223737e-17,84975343590864.38,200,3.1182918347941455e-05
0.22292367528881452,2.853825695157509e-14,5.661042967223737e-17,93260334688321.8,200,3.3798917781451454e-05
0.22292367528881452,2.853825695157509e-14,5.661042967223737e-17,102353102189902.69,200,3.666038355457775e-05
0.22292367528881452,2.853825695157509e-14,5.661042967223737e-17,112332403297802.66,200,3.9789347695708645e-05
0.22292367528881452,2.853825695157509e-14,5.661042967223737e-17,123284673944206.84,200,4.320962057303369e-05
0.22292367528881452,2.853825695157509e-14,5.661042967223737e-17,135304777457980.75,200,4.694689450202165e-05
0.22292367528881452,2.853825695157509e-14,5.661042967223737e-17,148496826225446.34,200,5.1028844952942364e-05
0.22292367528881452,2.853825695157509e-14,5.661042967223737e-17,162975083462064.7,200,5.548522708972792e-05
0.22292367528881452,2.853825695157509e-14,5.661042967223737e-17,178864952905743.5,200,6.0347964882320333e-05
0.22292367528881452,2.853825695157509e-14,5.661042967223737e-17,196304065004026.84,200,6.565122948257613e-05
0.22292367528881452,2.853825695157509e-14,5.661042967223737e-17,215443469003188.66,200,7.14315029390617e-05
0.22292367528881452,2.853825695157509e-14,5.661042967223737e-17,236448941264540.72,200,7.77276226521617e-05
0.22292367528881452,2.853825695157509e-14,5.661042967223737e-17,259502421139974.25,200,8.458080124561359e-05
0.22292367528881452,2.853825695157509e-14,5.661042967223737e-17,284803586843580.5,200,9.203461576732714e-05
0.22292367528881452,2.853825695157509e-14,5.661042967223737e-17,312571584968823.5,200,0.0001001349593518373
0.22292367528881452,2.853825695157509e-14,5.661042967223737e-17,343046928631492.6,200,0.00010892994770844056
0.22292367528881452,2.853825695157509e-14,5.661042967223737e-17,376493580679247.1,200,0.00011846977208316016
0.22292367528881452,2.853825695157509e-14,5.661042967223737e-17,413201240011533.44,200,0.0001288064897315394
0.22292367528881452,2.853825695157509e-14,5.661042967223737e-17,453487850812859.1,200,0.00013999374249890355
0.22292367528881452,2.853825695157509e-14,5.661042967223737e-17,497702356433211.4,200,0.00015208639391569838
0.22292367528881452,2.853825695157509e-14,5.661042967223737e-17,546227721768433.7,200,0.0001651400753726123
0.22292367528881452,2.853825695157509e-14,5.661042967223737e-17,599484250318942.1,200,0.00017921063255106937
0.22292367528881452,2.853825695157509e-14,5.661042967223737e-17,657933224657568.2,200,0.0001943534644664177
0.22292367528881452,2.853825695157509e-14,5.661042967223737e-17,722080901838545.6,200,0.00021062274935418614
0.22292367528881452,2.853825695157509e-14,5.661042967223737e-17,792482898353918.6,200,0.00022807055430914581
0.22292367528881452,2.853825695157509e-14,5.661042967223737e-17,869749002617783.4,200,0.0002467458291699063
0.22292367528881452,2.853825695157509e-14,5.661042967223737e-17,954548456661832.8,200,0.0002666932896920871
0.22292367528881452,2.853825695157509e-14,5.661042967223737e-17,1047615752789666.2,200,0.00028795220058210606
0.22292367528881452,2.853825695157509e-14,5.661042967223737e-17,1149756995397735.8,200,0.00031055507540954646
0.22292367528881452,2.853825695157509e-14,5.661042967223737e-17,1261856883066018.5,200,0.000334526317622712
0.22292367528881452,2.853825695157509e-14,5.661042967223737e-17,1384886371393874.5,200,0.0003598808345904536
0.22292367528881452,2.853825695157509e-14,5.661042967223737e-17,1519911082952933.2,200,0.0003866226643899179
0.22292367528881452,2.853825695157509e-14,5.661042967223737e-17,1668100537200055.8,200,0.0004147436624341143
0.22292367528881452,2.853825695157509e-14,5.661042967223737e-17,1830738280295369.8,200,0.0004442223013517728
0.22292367528881452,2.853825695157509e-14,5.661042967223737e-17,2009233002565046.0,200,0.000475022642080981
0.22292367528881452,2.853825695157509e-14,5.661042967223737e-17,2205130739903041.0,200,0.0005070935361762382
0.22292367528881452,2.853825695157509e-14,5.661042967223737e-17,2420128264794383.5,200,0.0005403681181609481
0.22292367528881452,2.853825695157509e-14,5.661042967223737e-17,2656087782946684.0,200,0.0005747636418249008
0.22292367528881452,2.853825695157509e-14,5.661042967223737e-17,2915053062825181.5,200,0.0006101817053412728
0.22292367528881452,2.853825695157509e-14,5.661042967223737e-17,3199267137797384.5,200,0.0006465088969537773
0.22292367528881452,2.853825695157509e-14,5.661042967223737e-17,3511191734215142.0,200,0.0006836178761444625
0.22292367528881452,2.853825695157509e-14,5.661042967223737e-17,3853528593710535.5,200,0.0007213688854364176
0.22292367528881452,2.853825695157509e-14,5.661042967223737e-17,4229242874389499.0,200,0.0007596116665100015
0.22292367528881452,2.853825695157509e-14,5.661042967223737e-17,4641588833612792.0,200,0.0007981877326280653
0.22292367528881452,2.853825695157509e-14,5.661042967223737e-17,5094138014816386.0,200,0.000836932929168392
0.22292367528881452,2.853825695157509e-14,5.661042967223737e-17,5590810182512223.0,200,0.0008756801970472443
0.22292367528881452,2.853825695157509e-14,5.661042967223737e-17,6135907273413188.0,200,0.0009142624414922554
0.22292367528881452,2.853825695157509e-14,5.661042967223737e-17,6734150657750828.0,200,0.0009525154021155706
0.22292367528881452,2.853825695157509e-14,5.661042967223737e-17,7390722033525775.0,200,0.0009902804201573682
0.22292367528881452,2.853825695157509e-14,5.661042967223737e-17,8111308307896889.0,200,0.0010274070051233177
0.22292367528881452,2.853825695157509e-14,5.661042967223737e-17,8902150854450393.0,200,0.0010637551152330284
0.22292367528881452,2.853825695157509e-14,5.661042967223737e-17,9770099572992246.0,200,0.0010991970830119414
0.22292367528881452,2.853825695157509e-14,5.661042967223737e-17,1.0722672220103254e+16,200,0.0011336191374977324
0.22292367528881452,2.853825695157509e-14,5.661042967223737e-17,1.176811952435004e+16,200,0.0011669224961994877
0.22292367528881452,2.853825695157509e-14,5.661042967223737e-17,1.2915496650148828e+16,200,0.0011990240214480666
0.22292367528881452,2.853825695157509e-14,5.661042967223737e-17,1.4174741629268076e+16,200,0.0012298564555906447
0.22292367528881452,2.853825695157509e-14,5.661042967223737e-17,1.5556761439304658e+16,200,0.0012593682664060835
0.22292367528881452,2.853825695157509e-14,5.661042967223737e-17,1.7073526474706888e+16,200,0.0012875231473399138
0.22292367528881452,2.853825695157509e-14,5.661042967223737e-17,1.8738174228603868e+16,200,0.0013142992262853489
0.22292367528881452,2.853825695157509e-14,5.661042967223737e-17,2.05651230834866e+16,200,0.0013396880416677776
0.22292367528881452,2.853825695157509e-14,5.661042967223737e-17,2.257019719633917e+16,200,0.0013636933458447593
0.22292367528881452,2.853825695157509e-14,5.661042967223737e-17,2.477076355991714e+16,200,0.0013863297938667158
0.22292367528881452,2.853825695157509e-14,5.661042967223737e-17,2.718588242732951e+16,200,0.0014076215711476272
0.22292367528881452,2.853825695157509e-14,5.661042967223737e-17,2.9836472402833344e+16,200,0.0014276010073114203
0.22292367528881452,2.853825695157509e-14,5.661042967223737e-17,3.2745491628777316e+16,200,0.0014463072161234759
0.22292367528881452,2.853825695157509e-14,5.661042967223737e-17,3.5938136638046404e+16,200,0.0014637847936238057
0.22292367528881452,2.853825695157509e-14,5.661042967223737e-17,3.944206059437648e+16,200,0.0014800825988723046
0.22292367528881452,2.853825695157509e-14,5.661042967223737e-17,4.3287612810830616e+16,200,0.0014952526344938761
0.22292367528881452,2.853825695157509e-14,5.661042967223737e-17,4.750810162102813e+16,200,0.0015093490377442306
0.22292367528881452,2.853825695157509e-14,5.661042967223737e-17,5.214008287999674e+16,200,0.0015224271872643922
0.22292367528881452,2.853825695157509e-14,5.661042967223737e-17,5.72236765935022e+16,200,0.0015345429261173034
0.22292367528881452,2.853825695157509e-14,5.661042967223737e-17,6.280291441834272e+16,200,0.0015457518980936033
0.22292367528881452,2.853825695157509e-14,5.661042967223737e-17,6.892612104349681e+16,200,0.001556108991573044
0.22292367528881452,2.853825695157509e-14,5.661042967223737e-17,7.564633275546291e+16,200,0.0015656678833363392
0.22292367528881452,2.853825695157509e-14,5.661042967223737e-17,8.30217568131977e+16,200,0.0015744806735248666
0.22292367528881452,2.853825695157509e-14,5.661042967223737e-17,9.111627561154869e+16,200,0.0015825976023221128
0.22292367528881452,2.853825695157509e-14,5.661042967223737e-17,1e+17,200,0.0015900668387637453
0.22292367528881452,2.853825695157509e-14,5.661042967223737e-17,10000000000000.0,225,7.069326903327727e-06
0.22292367528881452,2.853825695157509e-14,5.661042967223737e-17,10974987654930.545,225,7.368507079131421e-06
0.22292367528881452,2.853825695157509e-14,5.661042967223737e-17,12045035402587.836,225,7.696725598823551e-06
0.22292367528881452,2.853825695157509e-14,5.661042967223737e-17,13219411484660.287,225,8.05678690236198e-06
0.22292367528881452,2.853825695157509e-14,5.661042967223737e-17,14508287784959.373,225,8.451763418021478e-06
0.22292367528881452,2.853825695157509e-14,5.661042967223737e-17,15922827933410.94,225,8.885020588431471e-06
0.22292367528881452,2.853825695157509e-14,5.661042967223737e-17,17475284000076.83,225,9.36024411442979e-06
0.22292367528881452,2.853825695157509e-14,5.661042967223737e-17,19179102616724.926,225,9.881469588570798e-06
0.22292367528881452,2.853825695157509e-14,5.661042967223737e-17,21049041445120.22,225,1.0453114698131509e-05
0.22292367528881452,2.853825695157509e-14,5.661042967223737e-17,23101297000831.582,225,1.1080014184562244e-05
0.22292367528881452,2.853825695157509e-14,5.661042967223737e-17,25353644939701.168,225,1.1767457752125419e-05
0.22292367528881452,2.853825695157509e-14,5.661042967223737e-17,27825594022071.258,225,1.2521231122468243e-05
0.22292367528881452,2.853825695157509e-14,5.661042967223737e-17,30538555088334.125,225,1.3347660433478467e-05
0.22292367528881452,2.853825695157509e-14,5.661042967223737e-17,33516026509388.477,225,1.4253660179245053e-05
0.22292367528881452,2.853825695157509e-14,5.661042967223737e-17,36783797718286.34,225,1.5246784882409169e-05
0.22292367528881452,2.853825695157509e-14,5.661042967223737e-17,40370172585965.5,225,1.6335284679586635e-05
0.22292367528881452,2.853825695157509e-14,5.661042967223737e-17,44306214575838.87,225,1.7528164983612393e-05
0.22292367528881452,2.853825695157509e-14,5.661042967223737e-17,48626015800653.53,225,1.883525036161646e-05
0.22292367528881452,2.853825695157509e-14,5.661042967223737e-17,53366992312063.016,225,2.0267252733637615e-05
0.22292367528881452,2.853825695157509e-14,5.661042967223737e-17,58570208180566.734,225,2.183584395057526e-05
0.22292367528881452,2.853825695157509e-14,5.661042967223737e-17,64280731172843.195,225,2.3553732750413578e-05
0.22292367528881452,2.853825695157509e-14,5.661042967223737e-17,70548023107186.31,225,2.543474601511096e-05
0.22292367528881452,2.853825695157509e-14,5.661042967223737e-17,77426368268112.78,225,2.749391415424663e-05
0.22292367528881452,2.853825695157509e-14,5.661042967223737e-17,84975343590864.38,225,2.97475603219945e-05
0.22292367528881452,2.853825695157509e-14,5.661042967223737e-17,93260334688321.8,225,3.221339302739622e-05
0.22292367528881452,2.853825695157509e-14,5.661042967223737e-17,102353102189902.69,225,3.491060152002011e-05
0.22292367528881452,2.853825695157509e-14,5.661042967223737e-17,112332403297802.66,225,3.7859953119411525e-05
0.22292367528881452,2.853825695157509e-14,5.661042967223737e-17,123284673944206.84,225,4.1083891402529007e-05
0.22292367528881452,2.853825695157509e-14,5.661042967223737e-17,135304777457980.75,225,4.4606633863821856e-05
0.22292367528881452,2.853825695157509e-14,5.661042967223737e-17,148496826225446.34,225,4.8454267313116765e-05
0.22292367528881452,2.853825695157509e-14,5.661042967223737e-17,162975083462064.7,225,5.265483887283986e-05
0.22292367528881452,2.853825695157509e-14,5.661042967223737e-17,178864952905743.5,225,5.723843997503081e-05
0.22292367528881452,2.853825695157509e-14,5.661042967223737e-17,196304065004026.84,225,6.223728023822002e-05
0.22292367528881452,2.853825695157509e-14,5.661042967223737e-17,215443469003188.66,225,6.768574752479104e-05
0.22292367528881452,2.853825695157509e-14,5.661042967223737e-17,236448941264540.72,225,7.362044984422375e-05
0.22292367528881452,2.853825695157509e-14,5.661042967223737e-17,259502421139974.25,225,8.008023408393928e-05
0.22292367528881452,2.853825695157509e-14,5.661042967223737e-17,284803586843580.5,225,8.710617583002692e-05
0.22292367528881452,2.853825695157509e-14,5.661042967223737e-17,312571584968823.5,225,9.474153380442679e-05
0.22292367528881452,2.853825695157509e-14,5.661042967223737e-17,343046928631492.6,225,0.00010303166172094599
0.22292367528881452,2.853825695157509e-14,5.661042967223737e-17,376493580679247.1,225,0.00011202386968767688
0.22292367528881452,2.853825695157509e-14,5.661042967223737e-17,413201240011533.44,225,0.00012176722670732175
0.22292367528881452,2.853825695157509e-14,5.661042967223737e-17,453487850812859.1,225,0.00013231229541184715
0.22292367528881452,2.853825695157509e-14,5.661042967223737e-17,497702356433211.4,225,0.00014371078998970968
0.22292367528881452,2.853825695157509e-14,5.661042967223737e-17,546227721768433.7,225,0.0001560151484119766
0.22292367528881452,2.853825695157509e-14,5.661042967223737e-17,599484250318942.1,225,0.00016927801063947785
0.22292367528881452,2.853825695157509e-14,5.661042967223737e-17,657933224657568.2,225,0.0001835515956070276
0.22292367528881452,2.853825695157509e-14,5.661042967223737e-17,722080901838545.6,225,0.0001988869715462839
0.22292367528881452,2.853825695157509e-14,5.661042967223737e-17,792482898353918.6,225,0.00021533321673437378
0.22292367528881452,2.853825695157509e-14,5.661042967223737e-17,869749002617783.4,225,0.00023293647113272901
0.22292367528881452,2.853825695157509e-14,5.661042967223737e-17,954548456661832.8,225,0.00025173888366968684
0.22292367528881452,2.853825695157509e-14,5.661042967223737e-17,1047615752789666.2,225,0.00027177746513202844
0.22292367528881452,2.853825695157509e-14,5.661042967223737e-17,1149756995397735.8,225,0.00029308286270653095
0.22292367528881452,2.853825695157509e-14,5.661042967223737e-17,1261856883066018.5,225,0.000315678079005573
0.22292367528881452,2.853825695157509e-14,5.661042967223737e-17,1384886371393874.5,225,0.00033957716566739005
0.22292367528881452,2.853825695157509e-14,5.661042967223737e-17,1519911082952933.2,225,0.00036478392897059525
0.22292367528881452,2.853825695157509e-14,5.661042967223737e-17,1668100537200055.8,225,0.00039129069185352095
0.22292367528881452,2.853825695157509e-14,5.661042967223737e-17,1830738280295369.8,225,0.00041907716268480845
0.22292367528881452,2.853825695157509e-14,5.661042967223737e-17,2009233002565046.0,225,0.0004481094654195591
0.22292367528881452,2.853825695157509e-14,5.661042967223737e-17,2205130739903041.0,225,0.0004783393876965119
0.22292367528881452,2.853825695157509e-14,5.661042967223737e-17,2420128264794383.5,225,0.0005097039023311267
0.22292367528881452,2.853825695157509e-14,5.661042967223737e-17,2656087782946684.0,225,0.0005421250130101131
0.22292367528881452,2.853825695157509e-14,5.661042967223737e-17,2915053062825181.5,225,0.0005755099664859954
0.22292367528881452,2.853825695157509e-14,5.661042967223737e-17,3199267137797384.5,225,0.0006097518611997568
0.22292367528881452,2.853825695157509e-14,5.661042967223737e-17,3511191734215142.0,225,0.0006447306663861507
0.22292367528881452,2.853825695157509e-14,5.661042967223737e-17,3853528593710535.5,225,0.0006803146470941004
0.22292367528881452,2.853825695157509e-14,5.661042967223737e-17,4229242874389499.0,225,0.0007163621703117314
0.22292367528881452,2.853825695157509e-14,5.661042967223737e-17,4641588833612792.0,225,0.0007527238469471239
0.22292367528881452,2.853825695157509e-14,5.661042967223737e-17,5094138014816386.0,225,0.0007892449453780078
0.22292367528881452,2.853825695157509e-14,5.661042967223737e-17,5590810182512223.0,225,0.0008257679962459659
0.22292367528881452,2.853825695157509e-14,5.661042967223737e-17,6135907273413188.0,225,0.0008621354965525936
0.22292367528881452,2.853825695157509e-14,5.661042967223737e-17,6734150657750828.0,225,0.0008981926149812675
0.22292367528881452,2.853825695157509e-14,5.661042967223737e-17,7390722033525775.0,225,0.0009337898002920474
0.22292367528881452,2.853825695157509e-14,5.661042967223737e-17,8111308307896889.0,225,0.0009687852006259383
0.22292367528881452,2.853825695157509e-14,5.661042967223737e-17,8902150854450393.0,225,0.0010030468130483115
0.22292367528881452,2.853825695157509e-14,5.661042967223737e-17,9770099572992246.0,225,0.0010364542986056682
0.22292367528881452,2.853825695157509e-14,5.661042967223737e-17,1.0722672220103254e+16,225,0.0010689004171525278
0.22292367528881452,2.853825695157509e-14,5.661042967223737e-17,1.176811952435004e+16,225,0.0011002920566286604
0.22292367528881452,2.853825695157509e-14,5.661042967223737e-17,1.2915496650148828e+16,225,0.0011305508517328387
0.22292367528881452,2.853825695157509e-14,5.661042967223737e-17,1.4174741629268076e+16,225,0.0011596134056164626
0.22292367528881452,2.853825695157509e-14,5.661042967223737e-17,1.5556761439304658e+16,225,0.0011874311441725815
0.22292367528881452,2.853825695157509e-14,5.661042967223737e-17,1.7073526474706888e+16,225,0.0012139698449589876
0.22292367528881452,2.853825695157509e-14,5.661042967223737e-17,1.8738174228603868e+16,225,0.0012392088913977261
0.22292367528881452,2.853825695157509e-14,5.661042967223737e-17,2.05651230834866e+16,225,0.0012631403076356113
0.22292367528881452,2.853825695157509e-14,5.661042967223737e-17,2.257019719633917e+16,225,0.001285767630632886
0.22292367528881452,2.853825695157509e-14,5.661042967223737e-17,2.477076355991714e+16,225,0.0013071046741932406
0.22292367528881452,2.853825695157509e-14,5.661042967223737e-17,2.718588242732951e+16,225,0.0013271742354105975
0.22292367528881452,2.853825695157509e-14,5.661042967223737e-17,2.9836472402833344e+16,225,0.0013460067880851465
0.22292367528881452,2.853825695157509e-14,5.661042967223737e-17,3.2745491628777316e+16,225,0.0013636392007271292
0.22292367528881452,2.853825695157509e-14,5.661042967223737e-17,3.5938136638046404e+16,225,0.001380113509421333
0.22292367528881452,2.853825695157509e-14,5.661042967223737e-17,3.944206059437648e+16,225,0.0013954757685614636
0.22292367528881452,2.853825695157509e-14,5.661042967223737e-17,4.3287612810830616e+16,225,0.0014097749956555575
0.22292367528881452,2.853825695157509e-14,5.661042967223737e-17,4.750810162102813e+16,225,0.0014230622203078261
0.22292367528881452,2.853825695157509e-14,5.661042967223737e-17,5.214008287999674e+16,225,0.0014353896422483116
0.22292367528881452,2.853825695157509e-14,5.661042967223737e-17,5.72236765935022e+16,225,0.0014468098989696711
0.22292367528881452,2.853825695157509e-14,5.661042967223737e-17,6.280291441834272e+16,225,0.0014573754401311255
0.22292367528881452,2.853825695157509e-14,5.661042967223737e-17,6.892612104349681e+16,225,0.0014671380033440084
0.22292367528881452,2.853825695157509e-14,5.661042967223737e-17,7.564633275546291e+16,225,0.0014761481841702724
0.22292367528881452,2.853825695157509e-14,5.661042967223737e-17,8.30217568131977e+16,225,0.0014844550920366695
0.22292367528881452,2.853825695157509e-14,5.661042967223737e-17,9.111627561154869e+16,225,0.0014921060831795886
0.22292367528881452,2.853825695157509e-14,5.661042967223737e-17,1e+17,225,0.001499146561578104
0.22292367528881452,2.853825695157509e-14,5.661042967223737e-17,10000000000000.0,250,8.69358229223957e-06
0.22292367528881452,2.853825695157509e-14,5.661042967223737e-17,10974987654930.545,250,8.977030475279034e-06
0.22292367528881452,2.853825695157509e-14,5.661042967223737e-17,12045035402587.836,250,9.287990059404954e-06
0.22292367528881452,2.853825695157509e-14,5.661042967223737e-17,13219411484660.287,250,9.62911801681933e-06
0.22292367528881452,2.853825695157509e-14,5.661042967223737e-17,14508287784959.373,250,1.0003325216230835e-05
0.22292367528881452,2.853825695157509e-14,5.661042967223737e-17,15922827933410.94,250,1.0413800132931565e-05
0.22292367528881452,2.853825695157509e-14,5.661042967223737e-17,17475284000076.83,250,1.0864034660068863e-05
0.22292367528881452,2.853825695157509e-14,5.661042967223737e-17,19179102616724.926,250,1.1357852183914733e-05
0.22292367528881452,2.853825695157509e-14,5.661042967223737e-17,21049041445120.22,250,1.1899438093519568e-05
0.22292367528881452,2.853825695157509e-14,5.661042967223737e-17,23101297000831.582,250,1.2493372901866484e-05
0.22292367528881452,2.853825695157509e-14,5.661042967223737e-17,25353644939701.168,250,1.3144668161134603e-05
0.22292367528881452,2.853825695157509e-14,5.661042967223737e-17,27825594022071.258,250,1.3858805358471484e-05
0.22292367528881452,2.853825695157509e-14,5.661042967223737e-17,30538555088334.125,250,1.4641777980193936e-05
0.22292367528881452,2.853825695157509e-14,5.661042967223737e-17,33516026509388.477,250,1.5500136930889435e-05
0.22292367528881452,2.853825695157509e-14,5.661042967223737e-17,36783797718286.34,250,1.644103948864506e-05
0.22292367528881452,2.853825695157509e-14,5.661042967223737e-17,40370172585965.5,250,1.747230196758424e-05
0.22292367528881452,2.853825695157509e-14,5.661042967223737e-17,44306214575838.87,250,1.8602456242851193e-05
0.22292367528881452,2.853825695157509e-14,5.661042967223737e-17,48626015800653.53,250,1.9840810269742994e-05
0.22292367528881452,2.853825695157509e-14,5.661042967223737e-17,53366992312063.016,250,2.119751269618961e-05
0.22292367528881452,2.853825695157509e-14,5.661042967223737e-17,58570208180566.734,250,2.2683621624290406e-05
0.22292367528881452,2.853825695157509e-14,5.661042967223737e-17,64280731172843.195,250,2.431117751989732e-05
0.22292367528881452,2.853825695157509e-14,5.661042967223737e-17,70548023107186.31,250,2.6093280196718515e-05
0.22292367528881452,2.853825695157509e-14,5.661042967223737e-17,77426368268112.78,250,2.804416971017922e-05
0.22292367528881452,2.853825695157509e-14,5.661042967223737e-17,84975343590864.38,250,3.0179310883039293e-05
0.22292367528881452,2.853825695157509e-14,5.661042967223737e-17,93260334688321.8,250,3.25154810458779e-05
0.22292367528881452,2.853825695157509e-14,5.661042967223737e-17,102353102189902.69,250,3.507086040702409e-05
0.22292367528881452,2.853825695157509e-14,5.661042967223737e-17,112332403297802.66,250,3.786512426406708e-05
0.22292367528881452,2.853825695157509e-14,5.661042967223737e-17,123284673944206.84,250,4.0919536028236296e-05
0.22292367528881452,2.853825695157509e-14,5.661042967223737e-17,135304777457980.75,250,4.4257039749153255e-05
0.22292367528881452,2.853825695157509e-14,5.661042967223737e-17,148496826225446.34,250,4.790235049634694e-05
0.22292367528881452,2.853825695157509e-14,5.661042967223737e-17,162975083462064.7,250,5.18820405715075e-05
0.22292367528881452,2.853825695157509e-14,5.661042967223737e-17,178864952905743.5,250,5.6224619088628834e-05
0.22292367528881452,2.853825695157509e-14,5.661042967223737e-17,196304065004026.84,250,6.09606019661681e-05
0.22292367528881452,2.853825695157509e-14,5.661042967223737e-17,215443469003188.66,250,6.612256882637155e-05
0.22292367528881452,2.853825695157509e-14,5.661042967223737e-17,236448941264540.72,250,7.1745202695091e-05
0.22292367528881452,2.853825695157509e-14,5.661042967223737e-17,259502421139974.25,250,7.786530774769225e-05
0.22292367528881452,2.853825695157509e-14,5.661042967223737e-17,284803586843580.5,250,8.452179966504562e-05
0.22292367528881452,2.853825695157509e-14,5.661042967223737e-17,312571584968823.5,250,9.175566246656887e-05
0.22292367528881452,2.853825695157509e-14,5.661042967223737e-17,343046928631492.6,250,9.960986500117769e-05
0.22292367528881452,2.853825695157509e-14,5.661042967223737e-17,376493580679247.1,250,0.00010812922963767438
0.22292367528881452,2.853825695157509e-14,5.661042967223737e-17,413201240011533.44,250,0.00011736024515033065
0.22292367528881452,2.853825695157509e-14,5.661042967223737e-17,453487850812859.1,250,0.00012735081540216853
0.22292367528881452,2.853825695157509e-14,5.661042967223737e-17,497702356433211.4,250,0.0001381499352596294
0.22292367528881452,2.853825695157509e-14,5.661042967223737e-17,546227721768433.7,250,0.00014980728531261648
0.22292367528881452,2.853825695157509e-14,5.661042967223737e-17,599484250318942.1,250,0.0001623727375194319
0.22292367528881452,2.853825695157509e-14,5.661042967223737e-17,657933224657568.2,250,0.00017589576495145672
0.22292367528881452,2.853825695157509e-14,5.661042967223737e-17,722080901838545.6,250,0.00019042475048511526
0.22292367528881452,2.853825695157509e-14,5.661042967223737e-17,792482898353918.6,250,0.00020600619168142074
0.22292367528881452,2.853825695157509e-14,5.661042967223737e-17,869749002617783.4,250,0.00022268380229312492
0.22292367528881452,2.853825695157509e-14,5.661042967223737e-17,954548456661832.8,250,0.00024049751490306756
0.22292367528881452,2.853825695157509e-14,5.661042967223737e-17,1047615752789666.2,250,0.0002594823941348915
0.22292367528881452,2.853825695157509e-14,5.661042967223737e-17,1149756995397735.8,250,0.00027966747563370234
0.22292367528881452,2.853825695157509e-14,5.661042967223737e-17,1261856883066018.5,250,0.0003010745524500133
0.22292367528881452,2.853825695157509e-14,5.661042967223737e-17,1384886371393874.5,250,0.0003237169373352991
0.22292367528881452,2.853825695157509e-14,5.661042967223737e-17,1519911082952933.2,250,0.00034759823642006
0.22292367528881452,2.853825695157509e-14,5.661042967223737e-17,1668100537200055.8,250,0.00037271117633073426
0.22292367528881452,2.853825695157509e-14,5.661042967223737e-17,1830738280295369.8,250,0.00039903653244448723
0.22292367528881452,2.853825695157509e-14,5.661042967223737e-17,2009233002565046.0,250,0.00042654221004331404
0.22292367528881452,2.853825695157509e-14,5.661042967223737e-17,2205130739903041.0,250,0.0004551825319490298
0.22292367528881452,2.853825695157509e-14,5.661042967223737e-17,2420128264794383.5,250,0.0004848977851780055
0.22292367528881452,2.853825695157509e-14,5.661042967223737e-17,2656087782946684.0,250,0.0005156140747496442
0.22292367528881452,2.853825695157509e-14,5.661042967223737e-17,2915053062825181.5,250,0.0005472435247229769
0.22292367528881452,2.853825695157509e-14,5.661042967223737e-17,3199267137797384.5,250,0.0005796848548156921
0.22292367528881452,2.853825695157509e-14,5.661042967223737e-17,3511191734215142.0,250,0.0006128243459211463
0.22292367528881452,2.853825695157509e-14,5.661042967223737e-17,3853528593710535.5,250,0.0006465371901959545
0.22292367528881452,2.853825695157509e-14,5.661042967223737e-17,4229242874389499.0,250,0.0006806892022123343
0.22292367528881452,2.853825695157509e-14,5.661042967223737e-17,4641588833612792.0,250,0.0007151388483056408
0.22292367528881452,2.853825695157509e-14,5.661042967223737e-17,5094138014816386.0,250,0.0007497395332107519
0.22292367528881452,2.853825695157509e-14,5.661042967223737e-17,5590810182512223.0,250,0.0007843420678866235
0.22292367528881452,2.853825695157509e-14,5.661042967223737e-17,6135907273413188.0,250,0.0008187972314211368
0.22292367528881452,2.853825695157509e-14,5.661042967223737e-17,6734150657750828.0,250,0.0008529583340971125
0.22292367528881452,2.853825695157509e-14,5.661042967223737e-17,7390722033525775.0,250,0.0008866836886282233
0.22292367528881452,2.853825695157509e-14,5.661042967223737e-17,8111308307896889.0,250,0.0009198389022473518
0.22292367528881452,2.853825695157509e-14,5.661042967223737e-17,8902150854450393.0,250,0.000952298913219122
0.22292367528881452,2.853825695157509e-14,5.661042967223737e-17,9770099572992246.0,250,0.0009839497104543074
0.22292367528881452,2.853825695157509e-14,5.661042967223737e-17,1.0722672220103254e+16,250,0.0010146896928882533
0.22292367528881452,2.853825695157509e-14,5.661042967223737e-17,1.176811952435004e+16,250,0.0010444306446349295
0.22292367528881452,2.853825695157509e-14,5.661042967223737e-17,1.2915496650148828e+16,250,0.001073098321128543
0.22292367528881452,2.853825695157509e-14,5.661042967223737e-17,1.4174741629268076e+16,250,0.0011006326591596993
0.22292367528881452,2.853825695157509e-14,5.661042967223737e-17,1.5556761439304658e+16,250,0.0011269876388264413
0.22292367528881452,2.853825695157509e-14,5.661042967223737e-17,1.7073526474706888e+16,250,0.001152130837228299
0.22292367528881452,2.853825695157509e-14,5.661042967223737e-17,1.8738174228603868e+16,250,0.0011760427218827257
0.22292367528881452,2.853825695157509e-14,5.661042967223737e-17,2.05651230834866e+16,250,0.0011987157363361983
0.22292367528881452,2.853825695157509e-14,5.661042967223737e-17,2.257019719633917e+16,250,0.001220153231562596
0.22292367528881452,2.853825695157509e-14,5.661042967223737e-17,2.477076355991714e+16,250,0.0012403682949850628
0.22292367528881452,2.853825695157509e-14,5.661042967223737e-17,2.718588242732951e+16,250,0.0012593825249425708
0.22292367528881452,2.853825695157509e-14,5.661042967223737e-17,2.9836472402833344e+16,250,0.001277224792810942
0.22292367528881452,2.853825695157509e-14,5.661042967223737e-17,3.2745491628777316e+16,250,0.0012939300284187027
0.22292367528881452,2.853825695157509e-14,5.661042967223737e-17,3.5938136638046404e+16,250,0.001309538057438872
0.22292367528881452,2.853825695157509e-14,5.661042967223737e-17,3.944206059437648e+16,250,0.0013240925125559404
0.22292367528881452,2.853825695157509e-14,5.661042967223737e-17,4.3287612810830616e+16,250,0.0013376398337572924
0.22292367528881452,2.853825695157509e-14,5.661042967223737e-17,4.750810162102813e+16,250,0.0013502283673230788
0.22292367528881452,2.853825695157509e-14,5.661042967223737e-17,5.214008287999674e+16,250,0.0013619075681297664
0.22292367528881452,2.853825695157509e-14,5.661042967223737e-17,5.72236765935022e+16,250,0.00137272730579727
0.22292367528881452,2.853825695157509e-14,5.661042967223737e-17,6.280291441834272e+16,250,0.0013827372719890402
0.22292367528881452,2.853825695157509e-14,5.661042967223737e-17,6.892612104349681e+16,250,0.0013919864837627352
0.22292367528881452,2.853825695157509e-14,5.661042967223737e-17,7.564633275546291e+16,250,0.0014005228761797826
0.22292367528881452,2.853825695157509e-14,5.661042967223737e-17,8.30217568131977e+16,250,0.0014083929763128587
0.22292367528881452,2.853825695157509e-14,5.661042967223737e-17,9.111627561154869e+16,250,0.0014156416502334678
0.22292367528881452,2.853825695157509e-14,5.661042967223737e-17,1e+17,250,0.00142231191441266
0.22292367528881452,2.853825695157509e-14,5.661042967223737e-17,10000000000000.0,275,1.63597370245158e-05
0.22292367528881452,2.853825695157509e-14,5.661042967223737e-17,10974987654930.545,275,1.6628454661756016e-05
0.22292367528881452,2.853825695157509e-14,5.661042967223737e-17,12045035402587.836,275,1.6923253957442038e-05
0.22292367528881452,2.853825695157509e-14,5.661042967223737e-17,13219411484660.287,275,1.7246653803332776e-05
0.22292367528881452,2.853825695157509e-14,5.661042967223737e-17,14508287784959.373,275,1.7601413792921904e-05
0.22292367528881452,2.853825695157509e-14,5.661042967223737e-17,15922827933410.94,275,1.7990556699323378e-05
0.22292367528881452,2.853825695157509e-14,5.661042967223737e-17,17475284000076.83,275,1.8417392945154795e-05
0.22292367528881452,2.853825695157509e-14,5.661042967223737e-17,19179102616724.926,275,1.8885547218760424e-05
0.22292367528881452,2.853825695157509e-14,5.661042967223737e-17,21049041445120.22,275,1.939898739830584e-05
0.22292367528881452,2.853825695157509e-14,5.661042967223737e-17,23101297000831.582,275,1.9962055951655794e-05
0.22292367528881452,2.853825695157509e-14,5.661042967223737e-17,25353644939701.168,275,2.0579503985153734e-05
0.22292367528881452,2.853825695157509e-14,5.661042967223737e-17,27825594022071.258,275,2.125652811801614e-05
0.22292367528881452,2.853825695157509e-14,5.661042967223737e-17,30538555088334.125,275,2.1998810360494797e-05
0.22292367528881452,2.853825695157509e-14,5.661042967223737e-17,33516026509388.477,275,2.2812561172588634e-05
0.22292367528881452,2.853825695157509e-14,5.661042967223737e-17,36783797718286.34,275,2.370456587511363e-05
0.22292367528881452,2.853825695157509e-14,5.661042967223737e-17,40370172585965.5,275,2.4682234575415165e-05
0.22292367528881452,2.853825695157509e-14,5.661042967223737e-17,44306214575838.87,275,2.5753655754800116e-05
0.22292367528881452,2.853825695157509e-14,5.661042967223737e-17,48626015800653.53,275,2.6927653642544345e-05
0.22292367528881452,2.853825695157509e-14,5.661042967223737e-17,53366992312063.016,275,2.8213849470520593e-05
0.22292367528881452,2.853825695157509e-14,5.661042967223737e-17,58570208180566.734,275,2.9622726661260022e-05
0.22292367528881452,2.853825695157509e-14,5.661042967223737e-17,64280731172843.195,275,3.116569994849039e-05
0.22292367528881452,2.853825695157509e-14,5.661042967223737e-17,70548023107186.31,275,3.2855188360445334e-05
0.22292367528881452,2.853825695157509e-14,5.661042967223737e-17,77426368268112.78,275,3.470469190974446e-05
0.22292367528881452,2.853825695157509e-14,5.661042967223737e-17,84975343590864.38,275,3.672887172629098e-05
0.22292367528881452,2.853825695157509e-14,5.661042967223737e-17,93260334688321.8,275,3.894363323796271e-05
0.22292367528881452,2.853825695157509e-14,5.661042967223737e-17,102353102189902.69,275,4.136621184409904e-05
0.22292367528881452,2.853825695157509e-14,5.661042967223737e-17,112332403297802.66,275,4.4015260334862484e-05
0.22292367528881452,2.853825695157509e-14,5.661042967223737e-17,123284673944206.84,275,4.69109370812257e-05
0.22292367528881452,2.853825695157509e-14,5.661042967223737e-17,135304777457980.75,275,5.0074993751295725e-05
0.22292367528881452,2.853825695157509e-14,5.661042967223737e-17,148496826225446.34,275,5.353086099478371e-05
0.22292367528881452,2.853825695157509e-14,5.661042967223737e-17,162975083462064.7,275,5.73037301748857e-05
0.22292367528881452,2.853825695157509e-14,5.661042967223737e-17,178864952905743.5,275,6.142062881271722e-05
0.22292367528881452,2.853825695157509e-14,5.661042967223737e-17,196304065004026.84,275,6.591048694204349e-05
0.22292367528881452,2.853825695157509e-14,5.661042967223737e-17,215443469003188.66,275,7.080419105159874e-05
0.22292367528881452,2.853825695157509e-14,5.661042967223737e-17,236448941264540.72,275,7.61346217217392e-05
0.22292367528881452,2.853825695157509e-14,5.661042967223737e-17,259502421139974.25,275,8.193667044811256e-05
0.22292367528881452,2.853825695157509e-14,5.661042967223737e-17,284803586843580.5,275,8.824723049883903e-05
0.22292367528881452,2.853825695157509e-14,5.661042967223737e-17,312571584968823.5,275,9.510515599090204e-05
0.22292367528881452,2.853825695157509e-14,5.661042967223737e-17,343046928631492.6,275,0.00010255118272098847
0.22292367528881452,2.853825695157509e-14,5.661042967223737e-17,376493580679247.1,275,0.00011062780367991909
0.22292367528881452,2.853825695157509e-14,5.661042967223737e-17,413201240011533.44,275,0.00011937909166239853
0.22292367528881452,2.853825695157509e-14,5.661042967223737e-17,453487850812859.1,275,0.00012885046101099876
0.22292367528881452,2.853825695157509e-14,5.661042967223737e-17,497702356433211.4,275,0.0001390883603732498
0.22292367528881452,2.853825695157509e-14,5.661042967223737e-17,546227721768433.7,275,0.00015013988848371524
0.22292367528881452,2.853825695157509e-14,5.661042967223737e-17,599484250318942.1,275,0.00016205232550011483
0.22292367528881452,2.853825695157509e-14,5.661042967223737e-17,657933224657568.2,275,0.00017487257342303994
0.22292367528881452,2.853825695157509e-14,5.661042967223737e-17,722080901838545.6,275,0.00018864650071457155
0.22292367528881452,2.853825695157509e-14,5.661042967223737e-17,792482898353918.6,275,0.00020341818849951666
0.22292367528881452,2.853825695157509e-14,5.661042967223737e-17,869749002617783.4,275,0.0002192290787664194
0.22292367528881452,2.853825695157509e-14,5.661042967223737e-17,954548456661832.8,275,0.00023611702883789352
0.22292367528881452,2.853825695157509e-14,5.661042967223737e-17,1047615752789666.2,275,0.00025411528106079407
0.22292367528881452,2.853825695157509e-14,5.661042967223737e-17,1149756995397735.8,275,0.00027325136212400235
0.22292367528881452,2.853825695157509e-14,5.661042967223737e-17,1261856883066018.5,275,0.0002935459325129004
0.22292367528881452,2.853825695157509e-14,5.661042967223737e-17,1384886371393874.5,275,0.000315011613127305
0.22292367528881452,2.853825695157509e-14,5.661042967223737e-17,1519911082952933.2,275,0.000337651822690375
0.22292367528881452,2.853825695157509e-14,5.661042967223737e-17,1668100537200055.8,275,0.0003614596658191964
0.22292367528881452,2.853825695157509e-14,5.661042967223737e-17,1830738280295369.8,275,0.00038641691697720196
0.22292367528881452,2.853825695157509e-14,5.661042967223737e-17,2009233002565046.0,275,0.00041249314937986356
0.22292367528881452,2.853825695157509e-14,5.661042967223737e-17,2205130739903041.0,275,0.0004396450596506491
0.22292367528881452,2.853825695157509e-14,5.661042967223737e-17,2420128264794383.5,275,0.00046781603803570037
0.22292367528881452,2.853825695157509e-14,5.661042967223737e-17,2656087782946684.0,275,0.0004969360298097515
0.22292367528881452,2.853825695157509e-14,5.661042967223737e-17,2915053062825181.5,275,0.0005269217258650348
0.22292367528881452,2.853825695157509e-14,5.661042967223737e-17,3199267137797384.5,275,0.0005576771093639401
0.22292367528881452,2.853825695157509e-14,5.661042967223737e-17,3511191734215142.0,275,0.0005890943710789797
0.22292367528881452,2.853825695157509e-14,5.661042967223737e-17,3853528593710535.5,275,0.0006210551893175468
0.22292367528881452,2.853825695157509e-14,5.661042967223737e-17,4229242874389499.0,275,0.0006534323521472206
0.22292367528881452,2.853825695157509e-14,5.661042967223737e-17,4641588833612792.0,275,0.000686091681279943
0.22292367528881452,2.853825695157509e-14,5.661042967223737e-17,5094138014816386.0,275,0.0007188941998739794
0.22292367528881452,2.853825695157509e-14,5.661042967223737e-17,5590810182512223.0,275,0.0007516984721078626
0.22292367528881452,2.853825695157509e-14,5.661042967223737e-17,6135907273413188.0,275,0.0007843630319453624
0.22292367528881452,2.853825695157509e-14,5.661042967223737e-17,6734150657750828.0,275,0.0008167488130012744
0.22292367528881452,2.853825695157509e-14,5.661042967223737e-17,7390722033525775.0,275,0.0008487214913494388
0.22292367528881452,2.853825695157509e-14,5.661042967223737e-17,8111308307896889.0,275,0.0008801536584933368
0.22292367528881452,2.853825695157509e-14,5.661042967223737e-17,8902150854450393.0,275,0.000910926752042908
0.22292367528881452,2.853825695157509e-14,5.661042967223737e-17,9770099572992246.0,275,0.0009409326859621524
0.22292367528881452,2.853825695157509e-14,5.661042967223737e-17,1.0722672220103254e+16,275,0.000970075139301885
0.22292367528881452,2.853825695157509e-14,5.661042967223737e-17,1.176811952435004e+16,275,0.0009982704806759139
0.22292367528881452,2.853825695157509e-14,5.661042967223737e-17,1.2915496650148828e+16,275,0.001025448323941404
0.22292367528881452,2.853825695157509e-14,5.661042967223737e-17,1.4174741629268076e+16,275,0.0010515517273196483
0.22292367528881452,2.853825695157509e-14,5.661042967223737e-17,1.5556761439304658e+16,275,0.0010765370625213863
0.22292367528881452,2.853825695157509e-14,5.661042967223737e-17,1.7073526474706888e+16,275,0.0011003735916349706
0.22292367528881452,2.853825695157509e-14,5.661042967223737e-17,1.8738174228603868e+16,275,0.001123042797263313
0.22292367528881452,2.853825695157509e-14,5.661042967223737e-17,2.05651230834866e+16,275,0.0011445375156549477
0.22292367528881452,2.853825695157509e-14,5.661042967223737e-17,2.257019719633917e+16,275,0.0011648609236366715
0.22292367528881452,2.853825695157509e-14,5.661042967223737e-17,2.477076355991714e+16,275,0.0011840254284900796
0.22292367528881452,2.853825695157509e-14,5.661042967223737e-17,2.718588242732951e+16,275,0.0012020515061079958
0.22292367528881452,2.853825695157509e-14,5.661042967223737e-17,2.9836472402833344e+16,275,0.001218966527446944
0.22292367528881452,2.853825695157509e-14,5.661042967223737e-17,3.2745491628777316e+16,275,0.0012348036070638426
0.22292367528881452,2.853825695157509e-14,5.661042967223737e-17,3.5938136638046404e+16,275,0.0012496005009274918
0.22292367528881452,2.853825695157509e-14,5.661042967223737e-17,3.944206059437648e+16,275,0.0012633985741712186
0.22292367528881452,2.853825695157509e-14,5.661042967223737e-17,4.3287612810830616e+16,275,0.001276241853338251
0.22292367528881452,2.853825695157509e-14,5.661042967223737e-17,4.750810162102813e+16,275,0.001288176172196271
0.22292367528881452,2.853825695157509e-14,5.661042967223737e-17,5.214008287999674e+16,275,0.0012992484154965294
0.22292367528881452,2.853825695157509e-14,5.661042967223737e-17,5.72236765935022e+16,275,0.0013095058611798825
0.22292367528881452,2.853825695157509e-14,5.661042967223737e-17,6.280291441834272e+16,275,0.001318995618478959
0.22292367528881452,2.853825695157509e-14,5.661042967223737e-17,6.892612104349681e+16,275,0.0013277641570792478
0.22292367528881452,2.853825695157509e-14,5.661042967223737e-17,7.564633275546291e+16,275,0.0013358569209003738
0.22292367528881452,2.853825695157509e-14,5.661042967223737e-17,8.30217568131977e+16,275,0.0013433180190451136
0.22292367528881452,2.853825695157509e-14,5.661042967223737e-17,9.111627561154869e+16,275,0.001350189985935799
0.22292367528881452,2.853825695157509e-14,5.661042967223737e-17,1e+17,275,0.0013565136025163725
0.22292367528881452,2.853825695157509e-14,5.661042967223737e-17,10000000000000.0,300,4.13464074933578e-05
0.22292367528881452,2.853825695157509e-14,5.661042967223737e-17,10974987654930.545,300,4.159878563475794e-05
0.22292367528881452,2.853825695157509e-14,5.661042967223737e-17,12045035402587.836,300,4.1875659527723885e-05
0.22292367528881452,2.853825695157509e-14,5.661042967223737e-17,13219411484660.287,300,4.217939490167716e-05
0.22292367528881452,2.853825695157509e-14,5.661042967223737e-17,14508287784959.373,300,4.2512583551797666e-05
0.22292367528881452,2.853825695157509e-14,5.661042967223737e-17,15922827933410.94,300,4.287806445013135e-05
0.22292367528881452,2.853825695157509e-14,5.661042967223737e-17,17475284000076.83,300,4.327894672757133e-05
0.22292367528881452,2.853825695157509e-14,5.661042967223737e-17,19179102616724.926,300,4.371863467166973e-05
0.22292367528881452,2.853825695157509e-14,5.661042967223737e-17,21049041445120.22,300,4.4200854891989695e-05
0.22292367528881452,2.853825695157509e-14,5.661042967223737e-17,23101297000831.582,300,4.472968581069975e-05
0.22292367528881452,2.853825695157509e-14,5.661042967223737e-17,25353644939701.168,300,4.530958964100212e-05
0.22292367528881452,2.853825695157509e-14,5.661042967223737e-17,27825594022071.258,300,4.594544701936294e-05
0.22292367528881452,2.853825695157509e-14,5.661042967223737e-17,30538555088334.125,300,4.6642594458865235e-05
0.22292367528881452,2.853825695157509e-14,5.661042967223737e-17,33516026509388.477,300,4.740686478971644e-05
0.22292367528881452,2.853825695157509e-14,5.661042967223737e-17,36783797718286.34,300,4.8244630748272576e-05
0.22292367528881452,2.853825695157509e-14,5.661042967223737e-17,40370172585965.5,300,4.9162851866995355e-05
0.22292367528881452,2.853825695157509e-14,5.661042967223737e-17,44306214575838.87,300,5.016912480347651e-05
0.22292367528881452,2.853825695157509e-14,5.661042967223737e-17,48626015800653.53,300,5.127173722579327e-05
0.22292367528881452,2.853825695157509e-14,5.661042967223737e-17,53366992312063.016,300,5.247972534252113e-05
0.22292367528881452,2.853825695157509e-14,5.661042967223737e-17,58570208180566.734,300,5.380293512700636e-05
0.22292367528881452,2.853825695157509e-14,5.661042967223737e-17,64280731172843.195,300,5.525208723499889e-05
0.22292367528881452,2.853825695157509e-14,5.661042967223737e-17,70548023107186.31,300,5.683884555017902e-05
0.22292367528881452,2.853825695157509e-14,5.661042967223737e-17,77426368268112.78,300,5.857588921087502e-05
0.22292367528881452,2.853825695157509e-14,5.661042967223737e-17,84975343590864.38,300,6.047698787044428e-05
0.22292367528881452,2.853825695157509e-14,5.661042967223737e-17,93260334688321.8,300,6.255707982012516e-05
0.22292367528881452,2.853825695157509e-14,5.661042967223737e-17,102353102189902.69,300,6.483235245310951e-05
0.22292367528881452,2.853825695157509e-14,5.661042967223737e-17,112332403297802.66,300,6.732032436833075e-05
0.22292367528881452,2.853825695157509e-14,5.661042967223737e-17,123284673944206.84,300,7.00399281980195e-05
0.22292367528881452,2.853825695157509e-14,5.661042967223737e-17,135304777457980.75,300,7.301159299039763e-05
0.22292367528881452,2.853825695157509e-14,5.661042967223737e-17,148496826225446.34,300,7.625732468406534e-05
0.22292367528881452,2.853825695157509e-14,5.661042967223737e-17,162975083462064.7,300,7.980078287013877e-05
0.22292367528881452,2.853825695157509e-14,5.661042967223737e-17,178864952905743.5,300,8.366735164925191e-05
0.22292367528881452,2.853825695157509e-14,5.661042967223737e-17,196304065004026.84,300,8.788420195155779e-05
0.22292367528881452,2.853825695157509e-14,5.661042967223737e-17,215443469003188.66,300,9.248034219906114e-05
0.22292367528881452,2.853825695157509e-14,5.661042967223737e-17,236448941264540.72,300,9.748665365375782e-05
0.22292367528881452,2.853825695157509e-14,5.661042967223737e-17,259502421139974.25,300,0.00010293590621833361
0.22292367528881452,2.853825695157509e-14,5.661042967223737e-17,284803586843580.5,300,0.0001088627498492784
0.22292367528881452,2.853825695157509e-14,5.661042967223737e-17,312571584968823.5,300,0.00011530367612165522
0.22292367528881452,2.853825695157509e-14,5.661042967223737e-17,343046928631492.6,300,0.00012229694387385663
0.22292367528881452,2.853825695157509e-14,5.661042967223737e-17,376493580679247.1,300,0.00012988246229143576
0.22292367528881452,2.853825695157509e-14,5.661042967223737e-17,413201240011533.44,300,0.00013810162430314955
0.22292367528881452,2.853825695157509e-14,5.661042967223737e-17,453487850812859.1,300,0.00014699708281220566
0.22292367528881452,2.853825695157509e-14,5.661042967223737e-17,497702356433211.4,300,0.00015661246213539545
0.22292367528881452,2.853825695157509e-14,5.661042967223737e-17,546227721768433.7,300,0.0001669919971477117
0.22292367528881452,2.853825695157509e-14,5.661042967223737e-17,599484250318942.1,300,0.00017818009311578757
0.22292367528881452,2.853825695157509e-14,5.661042967223737e-17,657933224657568.2,300,0.00019022080014314099
0.22292367528881452,2.853825695157509e-14,5.661042967223737e-17,722080901838545.6,300,0.0002031571976395496
0.22292367528881452,2.853825695157509e-14,5.661042967223737e-17,792482898353918.6,300,0.00021703068635735813
0.22292367528881452,2.853825695157509e-14,5.661042967223737e-17,869749002617783.4,300,0.00023188018838650644
0.22292367528881452,2.853825695157509e-14,5.661042967223737e-17,954548456661832.8,300,0.00024774125911821565
0.22292367528881452,2.853825695157509e-14,5.661042967223737e-17,1047615752789666.2,300,0.0002646451195836085
0.22292367528881452,2.853825695157509e-14,5.661042967223737e-17,1149756995397735.8,300,0.00028261762269896816
0.22292367528881452,2.853825695157509e-14,5.661042967223737e-17,1261856883066018.5,300,0.00030167817267964553
0.22292367528881452,2.853825695157509e-14,5.661042967223737e-17,1384886371393874.5,300,0.0003218386230060148
0.22292367528881452,2.853825695157509e-14,5.661042967223737e-17,1519911082952933.2,300,0.0003431021845242494
0.22292367528881452,2.853825695157509e-14,5.661042967223737e-17,1668100537200055.8,300,0.00036546238112827314
0.22292367528881452,2.853825695157509e-14,5.661042967223737e-17,1830738280295369.8,300,0.0003889020954934042
0.22292367528881452,2.853825695157509e-14,5.661042967223737e-17,2009233002565046.0,300,0.0004133927509493271
0.22292367528881452,2.853825695157509e-14,5.661042967223737e-17,2205130739903041.0,300,0.00043889367720064456
0.22292367528881452,2.853825695157509e-14,5.661042967223737e-17,2420128264794383.5,300,0.0004653517066748441
0.22292367528881452,2.853825695157509e-14,5.661042967223737e-17,2656087782946684.0,300,0.0004927010443554911
0.22292367528881452,2.853825695157509e-14,5.661042967223737e-17,2915053062825181.5,300,0.0005208634467822913
0.22292367528881452,2.853825695157509e-14,5.661042967223737e-17,3199267137797384.5,300,0.0005497487354642908
0.22292367528881452,2.853825695157509e-14,5.661042967223737e-17,3511191734215142.0,300,0.0005792556565621865
0.22292367528881452,2.853825695157509e-14,5.661042967223737e-17,3853528593710535.5,300,0.0006092730829866881
0.22292367528881452,2.853825695157509e-14,5.661042967223737e-17,4229242874389499.0,300,0.0006396815379836893
0.22292367528881452,2.853825695157509e-14,5.661042967223737e-17,4641588833612792.0,300,0.0006703550020358096
0.22292367528881452,2.853825695157509e-14,5.661042967223737e-17,5094138014816386.0,300,0.0007011629488501883
0.22292367528881452,2.853825695157509e-14,5.661042967223737e-17,5590810182512223.0,300,0.0007319725426735917
0.22292367528881452,2.853825695157509e-14,5.661042967223737e-17,6135907273413188.0,300,0.0007626509193752446
0.22292367528881452,2.853825695157509e-14,5.661042967223737e-17,6734150657750828.0,300,0.0007930674685635458
0.22292367528881452,2.853825695157509e-14,5.661042967223737e-17,7390722033525775.0,300,0.0008230960339385999
0.22292367528881452,2.853825695157509e-14,5.661042967223737e-17,8111308307896889.0,300,0.0008526169541343672
0.22292367528881452,2.853825695157509e-14,5.661042967223737e-17,8902150854450393.0,300,0.0008815188759998153
0.22292367528881452,2.853825695157509e-14,5.661042967223737e-17,9770099572992246.0,300,0.0009097002857185889
0.22292367528881452,2.853825695157509e-14,5.661042967223737e-17,1.0722672220103254e+16,300,0.0009370707191797941
0.22292367528881452,2.853825695157509e-14,5.661042967223737e-17,1.176811952435004e+16,300,0.0009635516302409898
0.22292367528881452,2.853825695157509e-14,5.661042967223737e-17,1.2915496650148828e+16,300,0.0009890769126201598
0.22292367528881452,2.853825695157509e-14,5.661042967223737e-17,1.4174741629268076e+16,300,0.0010135930869088555
0.22292367528881452,2.853825695157509e-14,5.661042967223737e-17,1.5556761439304658e+16,300,0.0010370591776554092
0.22292367528881452,2.853825695157509e-14,5.661042967223737e-17,1.7073526474706888e+16,300,0.0010594463159806038
0.22292367528881452,2.853825695157509e-14,5.661042967223737e-17,1.8738174228603868e+16,300,0.0010807371104459408
0.22292367528881452,2.853825695157509e-14,5.661042967223737e-17,2.05651230834866e+16,300,0.0011009248328950564
0.22292367528881452,2.853825695157509e-14,5.661042967223737e-17,2.257019719633917e+16,300,0.0011200124669863744
0.22292367528881452,2.853825695157509e-14,5.661042967223737e-17,2.477076355991714e+16,300,0.0011380116655711943
0.22292367528881452,2.853825695157509e-14,5.661042967223737e-17,2.718588242732951e+16,300,0.0011549416594965392
0.22292367528881452,2.853825695157509e-14,5.661042967223737e-17,2.9836472402833344e+16,300,0.001170828155415707
0.22292367528881452,2.853825695157509e-14,5.661042967223737e-17,3.2745491628777316e+16,300,0.0011857022543402056
0.22292367528881452,2.853825695157509e-14,5.661042967223737e-17,3.5938136638046404e+16,300,0.0011995994164703046
0.22292367528881452,2.853825695157509e-14,5.661042967223737e-17,3.944206059437648e+16,300,0.001212558491713942
0.22292367528881452,2.853825695157509e-14,5.661042967223737e-17,4.3287612810830616e+16,300,0.0012246208295607383
0.22292367528881452,2.853825695157509e-14,5.661042967223737e-17,4.750810162102813e+16,300,0.0012358294768356813
0.22292367528881452,2.853825695157509e-14,5.661042967223737e-17,5.214008287999674e+16,300,0.0012462284674418012
0.22292367528881452,2.853825695157509e-14,5.661042967223737e-17,5.72236765935022e+16,300,0.001255862204563665
0.22292367528881452,2.853825695157509e-14,5.661042967223737e-17,6.280291441834272e+16,300,0.0012647749329359915
0.22292367528881452,2.853825695157509e-14,5.661042967223737e-17,6.892612104349681e+16,300,0.001273010296634309
0.22292367528881452,2.853825695157509e-14,5.661042967223737e-17,7.564633275546291e+16,300,0.001280610976340433
0.22292367528881452,2.853825695157509e-14,5.661042967223737e-17,8.30217568131977e+16,300,0.0012876183990834632
0.22292367528881452,2.853825695157509e-14,5.661042967223737e-17,9.111627561154869e+16,300,0.0012940725129612044
0.22292367528881452,2.853825695157509e-14,5.661042967223737e-17,1e+17,300,0.0013000116192141053
0.22292367528881452,2.853825695157509e-14,5.661042967223737e-17,10000000000000.0,325,0.00010751859920308344
0.22292367528881452,2.853825695157509e-14,5.661042967223737e-17,10974987654930.545,325,0.00010774814360609918
0.22292367528881452,2.853825695157509e-14,5.661042967223737e-17,12045035402587.836,325,0.00010799996752444227
0.22292367528881452,2.853825695157509e-14,5.661042967223737e-17,13219411484660.287,325,0.00010827622264979551
0.22292367528881452,2.853825695157509e-14,5.661042967223737e-17,14508287784959.373,325,0.00010857926628645635
0.22292367528881452,2.853825695157509e-14,5.661042967223737e-17,15922827933410.94,325,0.00010891168055243179
0.22292367528881452,2.853825695157509e-14,5.661042967223737e-17,17475284000076.83,325,0.00010927629328214049
0.22292367528881452,2.853825695157509e-14,5.661042967223737e-17,19179102616724.926,325,0.00010967620076256483
0.22292367528881452,2.853825695157509e-14,5.661042967223737e-17,21049041445120.22,325,0.00011011479244083647
0.22292367528881452,2.853825695157509e-14,5.661042967223737e-17,23101297000831.582,325,0.00011059577774668949
0.22292367528881452,2.853825695157509e-14,5.661042967223737e-17,25353644939701.168,325,0.00011112321517766244
0.22292367528881452,2.853825695157509e-14,5.661042967223737e-17,27825594022071.258,325,0.00011170154379800136
0.22292367528881452,2.853825695157509e-14,5.661042967223737e-17,30538555088334.125,325,0.00011233561730344663
0.22292367528881452,2.853825695157509e-14,5.661042967223737e-17,33516026509388.477,325,0.00011303074080291324
0.22292367528881452,2.853825695157509e-14,5.661042967223737e-17,36783797718286.34,325,0.00011379271046382817
0.22292367528881452,2.853825695157509e-14,5.661042967223737e-17,40370172585965.5,325,0.00011462785615975099
0.22292367528881452,2.853825695157509e-14,5.661042967223737e-17,44306214575838.87,325,0.00011554308724591432
0.22292367528881452,2.853825695157509e-14,5.661042967223737e-17,48626015800653.53,325,0.00011654594156933891
0.22292367528881452,2.853825695157509e-14,5.661042967223737e-17,53366992312063.016,325,0.00011764463779385825
0.22292367528881452,2.853825695157509e-14,5.661042967223737e-17,58570208180566.734,325,0.00011884813108516731
0.22292367528881452,2.853825695157509e-14,5.661042967223737e-17,64280731172843.195,325,0.00012016617215507709
0.22292367528881452,2.853825695157509e-14,5.661042967223737e-17,70548023107186.31,325,0.00012160936960543229
0.22292367528881452,2.853825695157509e-14,5.661042967223737e-17,77426368268112.78,325,0.0001231892554382613
0.22292367528881452,2.853825695157509e-14,5.661042967223737e-17,84975343590864.38,325,0.0001249183535070261
0.22292367528881452,2.853825695157509e-14,5.661042967223737e-17,93260334688321.8,325,0.00012681025057136318
0.22292367528881452,2.853825695157509e-14,5.661042967223737e-17,102353102189902.69,325,0.00012887966948122446
0.22292367528881452,2.853825695157509e-14,5.661042967223737e-17,112332403297802.66,325,0.00013114254385238178
0.22292367528881452,2.853825695157509e-14,5.661042967223737e-17,123284673944206.84,325,0.0001336160934002167
0.22292367528881452,2.853825695157509e-14,5.661042967223737e-17,135304777457980.75,325,0.000136318898868897
0.22292367528881452,2.853825695157509e-14,5.661042967223737e-17,148496826225446.34,325,0.00013927097522489928
0.22292367528881452,2.853825695157509e-14,5.661042967223737e-17,162975083462064.7,325,0.0001424938414741449
0.22292367528881452,2.853825695157509e-14,5.661042967223737e-17,178864952905743.5,325,0.00014601058510826405
0.22292367528881452,2.853825695157509e-14,5.661042967223737e-17,196304065004026.84,325,0.0001498459187862374
0.22292367528881452,2.853825695157509e-14,5.661042967223737e-17,215443469003188.66,325,0.00015402622641308954
0.22292367528881452,2.853825695157509e-14,5.661042967223737e-17,236448941264540.72,325,0.00015857959528992987
0.22292367528881452,2.853825695157509e-14,5.661042967223737e-17,259502421139974.25,325,0.00016353583048509446
0.22292367528881452,2.853825695157509e-14,5.661042967223737e-17,284803586843580.5,325,0.00016892644702415268
0.22292367528881452,2.853825695157509e-14,5.661042967223737e-17,312571584968823.5,325,0.0001747846349320776
0.22292367528881452,2.853825695157509e-14,5.661042967223737e-17,343046928631492.6,325,0.00018114519160524224
0.22292367528881452,2.853825695157509e-14,5.661042967223737e-17,376493580679247.1,325,0.00018804441547316027
0.22292367528881452,2.853825695157509e-14,5.661042967223737e-17,413201240011533.44,325,0.00019551995446790793
0.22292367528881452,2.853825695157509e-14,5.661042967223737e-17,453487850812859.1,325,0.00020361060250069475
0.22292367528881452,2.853825695157509e-14,5.661042967223737e-17,497702356433211.4,325,0.00021235603700834262
0.22292367528881452,2.853825695157509e-14,5.661042967223737e-17,546227721768433.7,325,0.00022179649074604551
0.22292367528881452,2.853825695157509e-14,5.661042967223737e-17,599484250318942.1,325,0.00023197235144457523
0.22292367528881452,2.853825695157509e-14,5.661042967223737e-17,657933224657568.2,325,0.00024292368380472997
0.22292367528881452,2.853825695157509e-14,5.661042967223737e-17,722080901838545.6,325,0.0002546896696564189
0.22292367528881452,2.853825695157509e-14,5.661042967223737e-17,792482898353918.6,325,0.0002673079640474967
0.22292367528881452,2.853825695157509e-14,5.661042967223737e-17,869749002617783.4,325,0.00028081396761869007
0.22292367528881452,2.853825695157509e-14,5.661042967223737e-17,954548456661832.8,325,0.00029524001891175714
0.22292367528881452,2.853825695157509e-14,5.661042967223737e-17,1047615752789666.2,325,0.00031061451425660477
0.22292367528881452,2.853825695157509e-14,5.661042967223737e-17,1149756995397735.8,325,0.00032696096754479336
0.22292367528881452,2.853825695157509e-14,5.661042967223737e-17,1261856883066018.5,325,0.0003442970274087273
0.22292367528881452,2.853825695157509e-14,5.661042967223737e-17,1384886371393874.5,325,0.000362633474893379
0.22292367528881452,2.853825695157509e-14,5.661042967223737e-17,1519911082952933.2,325,0.0003819732303458945
0.22292367528881452,2.853825695157509e-14,5.661042967223737e-17,1668100537200055.8,325,0.0004023104035814987
0.22292367528881452,2.853825695157509e-14,5.661042967223737e-17,1830738280295369.8,325,0.00042362942595372863
0.22292367528881452,2.853825695157509e-14,5.661042967223737e-17,2009233002565046.0,325,0.0004459043062468832
0.22292367528881452,2.853825695157509e-14,5.661042967223737e-17,2205130739903041.0,325,0.00046909805378256845
0.22292367528881452,2.853825695157509e-14,5.661042967223737e-17,2420128264794383.5,325,0.0004931623112878019
0.22292367528881452,2.853825695157509e-14,5.661042967223737e-17,2656087782946684.0,325,0.0005180372365049558
0.22292367528881452,2.853825695157509e-14,5.661042967223737e-17,2915053062825181.5,325,0.0005436516649969095
0.22292367528881452,2.853825695157509e-14,5.661042967223737e-17,3199267137797384.5,325,0.0005699235771095432
0.22292367528881452,2.853825695157509e-14,5.661042967223737e-17,3511191734215142.0,325,0.0005967608798748802
0.22292367528881452,2.853825695157509e-14,5.661042967223737e-17,3853528593710535.5,325,0.0006240625003504286
0.22292367528881452,2.853825695157509e-14,5.661042967223737e-17,4229242874389499.0,325,0.0006517197713590318
0.22292367528881452,2.853825695157509e-14,5.661042967223737e-17,4641588833612792.0,325,0.0006796180749122386
0.22292367528881452,2.853825695157509e-14,5.661042967223737e-17,5094138014816386.0,325,0.0007076386939935047
0.22292367528881452,2.853825695157509e-14,5.661042967223737e-17,5590810182512223.0,325,0.0007356608110727309
0.22292367528881452,2.853825695157509e-14,5.661042967223737e-17,6135907273413188.0,325,0.0007635635828096986
0.22292367528881452,2.853825695157509e-14,5.661042967223737e-17,6734150657750828.0,325,0.0007912282156978508
0.22292367528881452,2.853825695157509e-14,5.661042967223737e-17,7390722033525775.0,325,0.0008185399673414468
0.22292367528881452,2.853825695157509e-14,5.661042967223737e-17,8111308307896889.0,325,0.0008453900026539285
0.22292367528881452,2.853825695157509e-14,5.661042967223737e-17,8902150854450393.0,325,0.0008716770430837126
0.22292367528881452,2.853825695157509e-14,5.661042967223737e-17,9770099572992246.0,325,0.0008973087592068667
0.22292367528881452,2.853825695157509e-14,5.661042967223737e-17,1.0722672220103254e+16,325,0.0009222028715904344
0.22292367528881452,2.853825695157509e-14,5.661042967223737e-17,1.176811952435004e+16,325,0.0009462879404999343
0.22292367528881452,2.853825695157509e-14,5.661042967223737e-17,1.2915496650148828e+16,325,0.0009695038405735177
0.22292367528881452,2.853825695157509e-14,5.661042967223737e-17,1.4174741629268076e+16,325,0.000991801930915229
0.22292367528881452,2.853825695157509e-14,5.661042967223737e-17,1.5556761439304658e+16,325,0.0010131449432990332
0.22292367528881452,2.853825695157509e-14,5.661042967223737e-17,1.7073526474706888e+16,325,0.0010335066207375588
0.22292367528881452,2.853825695157509e-14,5.661042967223737e-17,1.8738174228603868e+16,325,0.0010528711452706286
0.22292367528881452,2.853825695157509e-14,5.661042967223737e-17,2.05651230834866e+16,325,0.0010712323974671114
0.22292367528881452,2.853825695157509e-14,5.661042967223737e-17,2.257019719633917e+16,325,0.0010885930910409286
0.22292367528881452,2.853825695157509e-14,5.661042967223737e-17,2.477076355991714e+16,325,0.0011049638245596415
0.22292367528881452,2.853825695157509e-14,5.661042967223737e-17,2.718588242732951e+16,325,0.001120362088972606
0.22292367528881452,2.853825695157509e-14,5.661042967223737e-17,2.9836472402833344e+16,325,0.0011348112651413573
0.22292367528881452,2.853825695157509e-14,5.661042967223737e-17,3.2745491628777316e+16,325,0.001148339640234811
0.22292367528881452,2.853825695157509e-14,5.661042967223737e-17,3.5938136638046404e+16,325,0.001160979466216055
0.22292367528881452,2.853825695157509e-14,5.661042967223737e-17,3.944206059437648e+16,325,0.0011727660780743883
0.22292367528881452,2.853825695157509e-14,5.661042967223737e-17,4.3287612810830616e+16,325,0.0011837370842328737
0.22292367528881452,2.853825695157509e-14,5.661042967223737e-17,4.750810162102813e+16,325,0.0011939316368846967
0.22292367528881452,2.853825695157509e-14,5.661042967223737e-17,5.214008287999674e+16,325,0.0012033897859958873
0.22292367528881452,2.853825695157509e-14,5.661042967223737e-17,5.72236765935022e+16,325,0.0012121519174035237
0.22292367528881452,2.853825695157509e-14,5.661042967223737e-17,6.280291441834272e+16,325,0.0012202582728304788
0.22292367528881452,2.853825695157509e-14,5.661042967223737e-17,6.892612104349681e+16,325,0.001227748547684665
0.22292367528881452,2.853825695157509e-14,5.661042967223737e-17,7.564633275546291e+16,325,0.001234661561142665
0.22292367528881452,2.853825695157509e-14,5.661042967223737e-17,8.30217568131977e+16,325,0.001241034992151713
0.22292367528881452,2.853825695157509e-14,5.661042967223737e-17,9.111627561154869e+16,325,0.0012469051745330362
0.22292367528881452,2.853825695157509e-14,5.661042967223737e-17,1e+17,325,0.0012523069442487926
0.22292367528881452,2.853825695157509e-14,5.661042967223737e-17,10000000000000.0,350,0.0002582327409517816
0.22292367528881452,2.853825695157509e-14,5.661042967223737e-17,10974987654930.545,350,0.000258424438615708
0.22292367528881452,2.853825695157509e-14,5.661042967223737e-17,12045035402587.836,350,0.00025863474240108987
0.22292367528881452,2.853825695157509e-14,5.661042967223737e-17,13219411484660.287,350,0.0002588654492337672
0.22292367528881452,2.853825695157509e-14,5.661042967223737e-17,14508287784959.373,350,0.00025911852775127207
0.22292367528881452,2.853825695157509e-14,5.661042967223737e-17,15922827933410.94,350,0.0002593961343380929
0.22292367528881452,2.853825695157509e-14,5.661042967223737e-17,17475284000076.83,350,0.0002597006305819881
0.22292367528881452,2.853825695157509e-14,5.661042967223737e-17,19179102616724.926,350,0.0002600346022614553
0.22292367528881452,2.853825695157509e-14,5.661042967223737e-17,21049041445120.22,350,0.00026040087997958853
0.22292367528881452,2.853825695157509e-14,5.661042967223737e-17,23101297000831.582,350,0.00026080256156410845
0.22292367528881452,2.853825695157509e-14,5.661042967223737e-17,25353644939701.168,350,0.00026124303635706534
0.22292367528881452,2.853825695157509e-14,5.661042967223737e-17,27825594022071.258,350,0.0002617260115202773
0.22292367528881452,2.853825695157509e-14,5.661042967223737e-17,30538555088334.125,350,0.00026225554048359546
0.22292367528881452,2.853825695157509e-14,5.661042967223737e-17,33516026509388.477,350,0.000262836053662108
0.22292367528881452,2.853825695157509e-14,5.661042967223737e-17,36783797718286.34,350,0.0002634723915648477
0.22292367528881452,2.853825695157509e-14,5.661042967223737e-17,40370172585965.5,350,0.0002641698404107739
0.22292367528881452,2.853825695157509e-14,5.661042967223737e-17,44306214575838.87,350,0.00026493417035695
0.22292367528881452,2.853825695157509e-14,5.661042967223737e-17,48626015800653.53,350,0.00026577167642798685
0.22292367528881452,2.853825695157509e-14,5.661042967223737e-17,53366992312063.016,350,0.00026668922221384094
0.22292367528881452,2.853825695157509e-14,5.661042967223737e-17,58570208180566.734,350,0.00026769428637364373
0.22292367528881452,2.853825695157509e-14,5.661042967223737e-17,64280731172843.195,350,0.0002687950119448798
0.22292367528881452,2.853825695157509e-14,5.661042967223737e-17,70548023107186.31,350,0.0002700002584081867
0.22292367528881452,2.853825695157509e-14,5.661042967223737e-17,77426368268112.78,350,0.0002713196563963462
0.22292367528881452,2.853825695157509e-14,5.661042967223737e-17,84975343590864.38,350,0.0002727636648594548
0.22292367528881452,2.853825695157509e-14,5.661042967223737e-17,93260334688321.8,350,0.0002743436304043267
0.22292367528881452,2.853825695157509e-14,5.661042967223737e-17,102353102189902.69,350,0.0002760718484122076
0.22292367528881452,2.853825695157509e-14,5.661042967223737e-17,112332403297802.66,350,0.00027796162540195875
0.22292367528881452,2.853825695157509e-14,5.661042967223737e-17,123284673944206.84,350,0.00028002734194299055
0.22292367528881452,2.853825695157509e-14,5.661042967223737e-17,135304777457980.75,350,0.000282284515230294
0.22292367528881452,2.853825695157509e-14,5.661042967223737e-17,148496826225446.34,350,0.00028474986020998993
0.22292367528881452,2.853825695157509e-14,5.661042967223737e-17,162975083462064.7,350,0.0002874413478851814
0.22292367528881452,2.853825695157509e-14,5.661042967223737e-17,178864952905743.5,350,0.0002903782591364719
0.22292367528881452,2.853825695157509e-14,5.661042967223737e-17,196304065004026.84,350,0.00029358123205807323
0.22292367528881452,2.853825695157509e-14,5.661042967223737e-17,215443469003188.66,350,0.00029707230043915565
0.22292367528881452,2.853825695157509e-14,5.661042967223737e-17,236448941264540.72,350,0.00030087492061306773
0.22292367528881452,2.853825695157509e-14,5.661042967223737e-17,259502421139974.25,350,0.00030501398345900133
0.22292367528881452,2.853825695157509e-14,5.661042967223737e-17,284803586843580.5,350,0.00030951580787969446
0.22292367528881452,2.853825695157509e-14,5.661042967223737e-17,312571584968823.5,350,0.0003144081116073704
0.22292367528881452,2.853825695157509e-14,5.661042967223737e-17,343046928631492.6,350,0.0003197199547260818
0.22292367528881452,2.853825695157509e-14,5.661042967223737e-17,376493580679247.1,350,0.00032548165086625816
0.22292367528881452,2.853825695157509e-14,5.661042967223737e-17,413201240011533.44,350,0.0003317246406581351
0.22292367528881452,2.853825695157509e-14,5.661042967223737e-17,453487850812859.1,350,0.00033848132176479305
0.22292367528881452,2.853825695157509e-14,5.661042967223737e-17,497702356433211.4,350,0.0003457848297013575
0.22292367528881452,2.853825695157509e-14,5.661042967223737e-17,546227721768433.7,350,0.0003536687637417987
0.22292367528881452,2.853825695157509e-14,5.661042967223737e-17,599484250318942.1,350,0.00036216685258371703
0.22292367528881452,2.853825695157509e-14,5.661042967223737e-17,657933224657568.2,350,0.00037131255515522236
0.22292367528881452,2.853825695157509e-14,5.661042967223737e-17,722080901838545.6,350,0.00038113859307927113
0.22292367528881452,2.853825695157509e-14,5.661042967223737e-17,792482898353918.6,350,0.0003916764129290564
0.22292367528881452,2.853825695157509e-14,5.661042967223737e-17,869749002617783.4,350,0.0004029555785720403
0.22292367528881452,2.853825695157509e-14,5.661042967223737e-17,954548456661832.8,350,0.00041500309664843627
0.22292367528881452,2.853825695157509e-14,5.661042967223737e-17,1047615752789666.2,350,0.00042784268156925937
0.22292367528881452,2.853825695157509e-14,5.661042967223737e-17,1149756995397735.8,350,0.00044149397031214936
0.22292367528881452,2.853825695157509e-14,5.661042967223737e-17,1261856883066018.5,350,0.00045597170164572834
0.22292367528881452,2.853825695157509e-14,5.661042967223737e-17,1384886371393874.5,350,0.00047128487906283233
0.22292367528881452,2.853825695157509e-14,5.661042967223737e-17,1519911082952933.2,350,0.00048743594141179784
0.22292367528881452,2.853825695157509e-14,5.661042967223737e-17,1668100537200055.8,350,0.0005044199696687496
0.22292367528881452,2.853825695157509e-14,5.661042967223737e-17,1830738280295369.8,350,0.0005222239621100209
0.22292367528881452,2.853825695157509e-14,5.661042967223737e-17,2009233002565046.0,350,0.0005408262128912702
0.22292367528881452,2.853825695157509e-14,5.661042967223737e-17,2205130739903041.0,350,0.0005601958302708254
0.22292367528881452,2.853825695157509e-14,5.661042967223737e-17,2420128264794383.5,350,0.0005802924300095931
0.22292367528881452,2.853825695157509e-14,5.661042967223737e-17,2656087782946684.0,350,0.0006010660365008384
0.22292367528881452,2.853825695157509e-14,5.661042967223737e-17,2915053062825181.5,350,0.0006224572187323724
0.22292367528881452,2.853825695157509e-14,5.661042967223737e-17,3199267137797384.5,350,0.000644397480257336
0.22292367528881452,2.853825695157509e-14,5.661042967223737e-17,3511191734215142.0,350,0.0006668099121789683
0.22292367528881452,2.853825695157509e-14,5.661042967223737e-17,3853528593710535.5,350,0.0006896101062227109
0.22292367528881452,2.853825695157509e-14,5.661042967223737e-17,4229242874389499.0,350,0.0007127073119985271
0.22292367528881452,2.853825695157509e-14,5.661042967223737e-17,4641588833612792.0,350,0.0007360058094604947
0.22292367528881452,2.853825695157509e-14,5.661042967223737e-17,5094138014816386.0,350,0.0007594064553723674
0.22292367528881452,2.853825695157509e-14,5.661042967223737e-17,5590810182512223.0,350,0.0007828083523117623
0.22292367528881452,2.853825695157509e-14,5.661042967223737e-17,6135907273413188.0,350,0.0008061105813014157
0.22292367528881452,2.853825695157509e-14,5.661042967223737e-17,6734150657750828.0,350,0.0008292139352257471
0.22292367528881452,2.853825695157509e-14,5.661042967223737e-17,7390722033525775.0,350,0.0008520225901422024
0.22292367528881452,2.853825695157509e-14,5.661042967223737e-17,8111308307896889.0,350,0.0008744456554340629
0.22292367528881452,2.853825695157509e-14,5.661042967223737e-17,8902150854450393.0,350,0.0008963985511158348
0.22292367528881452,2.853825695157509e-14,5.661042967223737e-17,9770099572992246.0,350,0.0009178041708185864
0.22292367528881452,2.853825695157509e-14,5.661042967223737e-17,1.0722672220103254e+16,350,0.000938593801145581
0.22292367528881452,2.853825695157509e-14,5.661042967223737e-17,1.176811952435004e+16,350,0.0009587077811747199
0.22292367528881452,2.853825695157509e-14,5.661042967223737e-17,1.2915496650148828e+16,350,0.0009780958988695927
0.22292367528881452,2.853825695157509e-14,5.661042967223737e-17,1.4174741629268076e+16,350,0.000996717533128203
0.22292367528881452,2.853825695157509e-14,5.661042967223737e-17,1.5556761439304658e+16,350,0.0010145415604196864
0.22292367528881452,2.853825695157509e-14,5.661042967223737e-17,1.7073526474706888e+16,350,0.0010315460529450092
0.22292367528881452,2.853825695157509e-14,5.661042967223737e-17,1.8738174228603868e+16,350,0.0010477178007703967
0.22292367528881452,2.853825695157509e-14,5.661042967223737e-17,2.05651230834866e+16,350,0.0010630516934207778
0.22292367528881452,2.853825695157509e-14,5.661042967223737e-17,2.257019719633917e+16,350,0.001077549997178265
0.22292367528881452,2.853825695157509e-14,5.661042967223737e-17,2.477076355991714e+16,350,0.0010912215631427877
0.22292367528881452,2.853825695157509e-14,5.661042967223737e-17,2.718588242732951e+16,350,0.0011040809983966515
0.22292367528881452,2.853825695157509e-14,5.661042967223737e-17,2.9836472402833344e+16,350,0.0011161478288197325
0.22292367528881452,2.853825695157509e-14,5.661042967223737e-17,3.2745491628777316e+16,350,0.0011274456776591004
0.22292367528881452,2.853825695157509e-14,5.661042967223737e-17,3.5938136638046404e+16,350,0.0011380014792502645
0.22292367528881452,2.853825695157509e-14,5.661042967223737e-17,3.944206059437648e+16,350,0.0011478447426330133
0.22292367528881452,2.853825695157509e-14,5.661042967223737e-17,4.3287612810830616e+16,350,0.0011570068754426378
0.22292367528881452,2.853825695157509e-14,5.661042967223737e-17,4.750810162102813e+16,350,0.0011655205745514893
0.22292367528881452,2.853825695157509e-14,5.661042967223737e-17,5.214008287999674e+16,350,0.0011734192865821857
0.22292367528881452,2.853825695157509e-14,5.661042967223737e-17,5.72236765935022e+16,350,0.0011807367386508418
0.22292367528881452,2.853825695157509e-14,5.661042967223737e-17,6.280291441834272e+16,350,0.0011875065375206325
0.22292367528881452,2.853825695157509e-14,5.661042967223737e-17,6.892612104349681e+16,350,0.0011937618337149337
0.22292367528881452,2.853825695157509e-14,5.661042967223737e-17,7.564633275546291e+16,350,0.0011995350459967722
0.22292367528881452,2.853825695157509e-14,5.661042967223737e-17,8.30217568131977e+16,350,0.0012048576408981663
0.22292367528881452,2.853825695157509e-14,5.661042967223737e-17,9.111627561154869e+16,350,0.0012097599616063325
0.22292367528881452,2.853825695157509e-14,5.661042967223737e-17,1e+17,350,0.0012142711004128836
0.22292367528881452,2.853825695157509e-14,5.661042967223737e-17,10000000000000.0,375,0.0005634578821671103
0.22292367528881452,2.853825695157509e-14,5.661042967223737e-17,10974987654930.545,375,0.0005635831834882547
0.22292367528881452,2.853825695157509e-14,5.661042967223737e-17,12045035402587.836,375,0.0005637206465204711
0.22292367528881452,2.853825695157509e-14,5.661042967223737e-17,13219411484660.287,375,0.0005638714458069322
0.22292367528881452,2.853825695157509e-14,5.661042967223737e-17,14508287784959.373,375,0.0005640368681284957
0.22292367528881452,2.853825695157509e-14,5.661042967223737e-17,15922827933410.94,375,0.0005642183229849994
0.22292367528881452,2.853825695157509e-14,5.661042967223737e-17,17475284000076.83,375,0.0005644173540054123
0.22292367528881452,2.853825695157509e-14,5.661042967223737e-17,19179102616724.926,375,0.00056463565135881
0.22292367528881452,2.853825695157509e-14,5.661042967223737e-17,21049041445120.22,375,0.0005648750652414948
0.22292367528881452,2.853825695157509e-14,5.661042967223737e-17,23101297000831.582,375,0.000565137620518561
0.22292367528881452,2.853825695157509e-14,5.661042967223737e-17,25353644939701.168,375,0.0005654255326006222
0.22292367528881452,2.853825695157509e-14,5.661042967223737e-17,27825594022071.258,375,0.000565741224638108
0.22292367528881452,2.853825695157509e-14,5.661042967223737e-17,30538555088334.125,375,0.0005660873461161967
0.22292367528881452,2.853825695157509e-14,5.661042967223737e-17,33516026509388.477,375,0.0005664667929328205
0.22292367528881452,2.853825695157509e-14,5.661042967223737e-17,36783797718286.34,375,0.00056688272903985
0.22292367528881452,2.853825695157509e-14,5.661042967223737e-17,40370172585965.5,375,0.0005673386097231386
0.22292367528881452,2.853825695157509e-14,5.661042967223737e-17,44306214575838.87,375,0.0005678382065900014
0.22292367528881452,2.853825695157509e-14,5.661042967223737e-17,48626015800653.53,375,0.0005683856343223502
0.22292367528881452,2.853825695157509e-14,5.661042967223737e-17,53366992312063.016,375,0.0005689853792393385
0.22292367528881452,2.853825695157509e-14,5.661042967223737e-17,58570208180566.734,375,0.0005696423296941406
0.22292367528881452,2.853825695157509e-14,5.661042967223737e-17,64280731172843.195,375,0.0005703618083044215
0.22292367528881452,2.853825695157509e-14,5.661042967223737e-17,70548023107186.31,375,0.0005711496059839908
0.22292367528881452,2.853825695157509e-14,5.661042967223737e-17,77426368268112.78,375,0.0005720120177028097
0.22292367528881452,2.853825695157509e-14,5.661042967223737e-17,84975343590864.38,375,0.0005729558798524543
0.22292367528881452,2.853825695157509e-14,5.661042967223737e-17,93260334688321.8,375,0.0005739886090327468
0.22292367528881452,2.853825695157509e-14,5.661042967223737e-17,102353102189902.69,375,0.0005751182420007626
0.22292367528881452,2.853825695157509e-14,5.661042967223737e-17,112332403297802.66,375,0.0005763534764339289
0.22292367528881452,2.853825695157509e-14,5.661042967223737e-17,123284673944206.84,375,0.0005777037120524614
0.22292367528881452,2.853825695157509e-14,5.661042967223737e-17,135304777457980.75,375,0.0005791790915209377
0.22292367528881452,2.853825695157509e-14,5.661042967223737e-17,148496826225446.34,375,0.0005807905404024308
0.22292367528881452,2.853825695157509e-14,5.661042967223737e-17,162975083462064.7,375,0.0005825498052695772
0.22292367528881452,2.853825695157509e-14,5.661042967223737e-17,178864952905743.5,375,0.0005844694888838529
0.22292367528881452,2.853825695157509e-14,5.661042967223737e-17,196304065004026.84,375,0.0005865630811363775
0.22292367528881452,2.853825695157509e-14,5.661042967223737e-17,215443469003188.66,375,0.0005888449842008953
0.22292367528881452,2.853825695157509e-14,5.661042967223737e-17,236448941264540.72,375,0.0005913305300835309
0.22292367528881452,2.853825695157509e-14,5.661042967223737e-17,259502421139974.25,375,0.0005940359884675853
0.22292367528881452,2.853825695157509e-14,5.661042967223737e-17,284803586843580.5,375,0.0005969785624503267
0.22292367528881452,2.853825695157509e-14,5.661042967223737e-17,312571584968823.5,375,0.0006001763694606082
0.22292367528881452,2.853825695157509e-14,5.661042967223737e-17,343046928631492.6,375,0.0006036484043428278
0.22292367528881452,2.853825695157509e-14,5.661042967223737e-17,376493580679247.1,375,0.0006074144813101438
0.22292367528881452,2.853825695157509e-14,5.661042967223737e-17,413201240011533.44,375,0.0006114951512285741
0.22292367528881452,2.853825695157509e-14,5.661042967223737e-17,453487850812859.1,375,0.0006159115905197806
0.22292367528881452,2.853825695157509e-14,5.661042967223737e-17,497702356433211.4,375,0.0006206854578957085
0.22292367528881452,2.853825695157509e-14,5.661042967223737e-17,546227721768433.7,375,0.0006258387152002655
0.22292367528881452,2.853825695157509e-14,5.661042967223737e-17,599484250318942.1,375,0.0006313934088743918
0.22292367528881452,2.853825695157509e-14,5.661042967223737e-17,657933224657568.2,375,0.0006373714090273854
0.22292367528881452,2.853825695157509e-14,5.661042967223737e-17,722080901838545.6,375,0.0006437941038367818
0.22292367528881452,2.853825695157509e-14,5.661042967223737e-17,792482898353918.6,375,0.0006506820480568278
0.22292367528881452,2.853825695157509e-14,5.661042967223737e-17,869749002617783.4,375,0.0006580545658300614
0.22292367528881452,2.853825695157509e-14,5.661042967223737e-17,954548456661832.8,375,0.0006659293097928588
0.22292367528881452,2.853825695157509e-14,5.661042967223737e-17,1047615752789666.2,375,0.0006743217806485115
0.22292367528881452,2.853825695157509e-14,5.661042967223737e-17,1149756995397735.8,375,0.0006832448139260827
0.22292367528881452,2.853825695157509e-14,5.661042967223737e-17,1261856883066018.5,375,0.0006927080434882885
0.22292367528881452,2.853825695157509e-14,5.661042967223737e-17,1384886371393874.5,375,0.0007027173543908119
0.22292367528881452,2.853825695157509e-14,5.661042967223737e-17,1519911082952933.2,375,0.0007132743407733391
0.22292367528881452,2.853825695157509e-14,5.661042967223737e-17,1668100537200055.8,375,0.0007243757873737742
0.22292367528881452,2.853825695157509e-14,5.661042967223737e-17,1830738280295369.8,375,0.0007360131957514976
0.22292367528881452,2.853825695157509e-14,5.661042967223737e-17,2009233002565046.0,375,0.0007481723781013733
0.22292367528881452,2.853825695157509e-14,5.661042967223737e-17,2205130739903041.0,375,0.0007608331423448226
0.22292367528881452,2.853825695157509e-14,5.661042967223737e-17,2420128264794383.5,375,0.0007739690917233338
0.22292367528881452,2.853825695157509e-14,5.661042967223737e-17,2656087782946684.0,375,0.000787547560172576
0.22292367528881452,2.853825695157509e-14,5.661042967223737e-17,2915053062825181.5,375,0.0008015297011924382
0.22292367528881452,2.853825695157509e-14,5.661042967223737e-17,3199267137797384.5,375,0.0008158707427473412
0.22292367528881452,2.853825695157509e-14,5.661042967223737e-17,3511191734215142.0,375,0.0008305204140831195
0.22292367528881452,2.853825695157509e-14,5.661042967223737e-17,3853528593710535.5,375,0.0008454235425475223
0.22292367528881452,2.853825695157509e-14,5.661042967223737e-17,4229242874389499.0,375,0.0008605208100233403
0.22292367528881452,2.853825695157509e-14,5.661042967223737e-17,4641588833612792.0,375,0.0008757496500232304
0.22292367528881452,2.853825695157509e-14,5.661042967223737e-17,5094138014816386.0,375,0.0008910452585219387
0.22292367528881452,2.853825695157509e-14,5.661042967223737e-17,5590810182512223.0,375,0.0009063416848848063
0.22292367528881452,2.853825695157509e-14,5.661042967223737e-17,6135907273413188.0,375,0.0009215729643855866
0.22292367528881452,2.853825695157509e-14,5.661042967223737e-17,6734150657750828.0,375,0.0009366742512376604
0.22292367528881452,2.853825695157509e-14,5.661042967223737e-17,7390722033525775.0,375,0.0009515829110308517
0.22292367528881452,2.853825695157509e-14,5.661042967223737e-17,8111308307896889.0,375,0.0009662395339742086
0.22292367528881452,2.853825695157509e-14,5.661042967223737e-17,8902150854450393.0,375,0.0009805888351587801
0.22292367528881452,2.853825695157509e-14,5.661042967223737e-17,9770099572992246.0,375,0.0009945804147321934
0.22292367528881452,2.853825695157509e-14,5.661042967223737e-17,1.0722672220103254e+16,375,0.001008169358827034
0.22292367528881452,2.853825695157509e-14,5.661042967223737e-17,1.176811952435004e+16,375,0.0010213166706386843
0.22292367528881452,2.853825695157509e-14,5.661042967223737e-17,1.2915496650148828e+16,375,0.0010339895295359833
0.22292367528881452,2.853825695157509e-14,5.661042967223737e-17,1.4174741629268076e+16,375,0.0010461613839103658
0.22292367528881452,2.853825695157509e-14,5.661042967223737e-17,1.5556761439304658e+16,375,0.0010578118901501568
0.22292367528881452,2.853825695157509e-14,5.661042967223737e-17,1.7073526474706888e+16,375,0.0010689267153464696
0.22292367528881452,2.853825695157509e-14,5.661042967223737e-17,1.8738174228603868e+16,375,0.0010794972249405072
0.22292367528881452,2.853825695157509e-14,5.661042967223737e-17,2.05651230834866e+16,375,0.001089520078508202
0.22292367528881452,2.853825695157509e-14,5.661042967223737e-17,2.257019719633917e+16,375,0.001098996757373393
0.22292367528881452,2.853825695157509e-14,5.661042967223737e-17,2.477076355991714e+16,375,0.0011079330469643016
0.22292367528881452,2.853825695157509e-14,5.661042967223737e-17,2.718588242732951e+16,375,0.0011163384950531971
0.22292367528881452,2.853825695157509e-14,5.661042967223737e-17,2.9836472402833344e+16,375,0.0011242258645385431
0.22292367528881452,2.853825695157509e-14,5.661042967223737e-17,3.2745491628777316e+16,375,0.001131610596524843
0.22292367528881452,2.853825695157509e-14,5.661042967223737e-17,3.5938136638046404e+16,375,0.001138510296378989
0.22292367528881452,2.853825695157509e-14,5.661042967223737e-17,3.944206059437648e+16,375,0.0011449442523997124
0.22292367528881452,2.853825695157509e-14,5.661042967223737e-17,4.3287612810830616e+16,375,0.0011509329938854521
0.22292367528881452,2.853825695157509e-14,5.661042967223737e-17,4.750810162102813e+16,375,0.001156497892832939
0.22292367528881452,2.853825695157509e-14,5.661042967223737e-17,5.214008287999674e+16,375,0.0011616608113067075
0.22292367528881452,2.853825695157509e-14,5.661042967223737e-17,5.72236765935022e+16,375,0.0011664437947137953
0.22292367528881452,2.853825695157509e-14,5.661042967223737e-17,6.280291441834272e+16,375,0.001170868809794207
0.22292367528881452,2.853825695157509e-14,5.661042967223737e-17,6.892612104349681e+16,375,0.00117495752507159
0.22292367528881452,2.853825695157509e-14,5.661042967223737e-17,7.564633275546291e+16,375,0.0011787311307617802
0.22292367528881452,2.853825695157509e-14,5.661042967223737e-17,8.30217568131977e+16,375,0.0011822101946641868
0.22292367528881452,2.853825695157509e-14,5.661042967223737e-17,9.111627561154869e+16,375,0.0011854145503148337
0.22292367528881452,2.853825695157509e-14,5.661042967223737e-17,1e+17,375,0.0011883632136139384
0.22292367528881452,2.853825695157509e-14,5.661042967223737e-17,10000000000000.0,400,0.0011260389367060556
0.22292367528881452,2.853825695157509e-14,5.661042967223737e-17,10974987654930.545,400,0.0011260495260742105
0.22292367528881452,2.853825695157509e-14,5.661042967223737e-17,12045035402587.836,400,0.0011260611432434761
0.22292367528881452,2.853825695157509e-14,5.661042967223737e-17,13219411484660.287,400,0.001126073887475938
0.22292367528881452,2.853825695157509e-14,5.661042967223737e-17,14508287784959.373,400,0.0011260878675190262
0.22292367528881452,2.853825695157509e-14,5.661042967223737e-17,15922827933410.94,400,0.001126103202491303
0.22292367528881452,2.853825695157509e-14,5.661042967223737e-17,17475284000076.83,400,0.0011261200228467488
0.22292367528881452,2.853825695157509e-14,5.661042967223737e-17,19179102616724.926,400,0.0011261384714236287
0.22292367528881452,2.853825695157509e-14,5.661042967223737e-17,21049041445120.22,400,0.001126158704584307
0.22292367528881452,2.853825695157509e-14,5.661042967223737e-17,23101297000831.582,400,0.0011261808934526225
0.22292367528881452,2.853825695157509e-14,5.661042967223737e-17,25353644939701.168,400,0.0011262052252556515
0.22292367528881452,2.853825695157509e-14,5.661042967223737e-17,27825594022071.258,400,0.0011262319047768198
0.22292367528881452,2.853825695157509e-14,5.661042967223737e-17,30538555088334.125,400,0.0011262611559273818
0.22292367528881452,2.853825695157509e-14,5.661042967223737e-17,33516026509388.477,400,0.0011262932234432403
0.22292367528881452,2.853825695157509e-14,5.661042967223737e-17,36783797718286.34,400,0.0011263283747138682
0.22292367528881452,2.853825695157509e-14,5.661042967223737e-17,40370172585965.5,400,0.0011263669017497365
0.22292367528881452,2.853825695157509e-14,5.661042967223737e-17,44306214575838.87,400,0.001126409123294035
0.22292367528881452,2.853825695157509e-14,5.661042967223737e-17,48626015800653.53,400,0.001126455387083617
0.22292367528881452,2.853825695157509e-14,5.661042967223737e-17,53366992312063.016,400,0.0011265060722628624
0.22292367528881452,2.853825695157509e-14,5.661042967223737e-17,58570208180566.734,400,0.0011265615919525491
0.22292367528881452,2.853825695157509e-14,5.661042967223737e-17,64280731172843.195,400,0.0011266223959736932
0.22292367528881452,2.853825695157509e-14,5.661042967223737e-17,70548023107186.31,400,0.0011266889737236053
0.22292367528881452,2.853825695157509e-14,5.661042967223737e-17,77426368268112.78,400,0.0011267618571980176
0.22292367528881452,2.853825695157509e-14,5.661042967223737e-17,84975343590864.38,400,0.0011268416241488892
0.22292367528881452,2.853825695157509e-14,5.661042967223737e-17,93260334688321.8,400,0.001126928901362312
0.22292367528881452,2.853825695157509e-14,5.661042967223737e-17,102353102189902.69,400,0.0011270243680346597
0.22292367528881452,2.853825695157509e-14,5.661042967223737e-17,112332403297802.66,400,0.0011271287592175307
0.22292367528881452,2.853825695157509e-14,5.661042967223737e-17,123284673944206.84,400,0.0011272428692930614
0.22292367528881452,2.853825695157509e-14,5.661042967223737e-17,135304777457980.75,400,0.0011273675554305783
0.22292367528881452,2.853825695157509e-14,5.661042967223737e-17,148496826225446.34,400,0.001127503740963178
0.22292367528881452,2.853825695157509e-14,5.661042967223737e-17,162975083462064.7,400,0.001127652418608552
0.22292367528881452,2.853825695157509e-14,5.661042967223737e-17,178864952905743.5,400,0.0011278146534420416
0.22292367528881452,2.853825695157509e-14,5.661042967223737e-17,196304065004026.84,400,0.0011279915855114976
0.22292367528881452,2.853825695157509e-14,5.661042967223737e-17,215443469003188.66,400,0.0011281844319630072
0.22292367528881452,2.853825695157509e-14,5.661042967223737e-17,236448941264540.72,400,0.0011283944885240606
0.22292367528881452,2.853825695157509e-14,5.661042967223737e-17,259502421139974.25,400,0.0011286231301665484
0.22292367528881452,2.853825695157509e-14,5.661042967223737e-17,284803586843580.5,400,0.0011288718107464926
0.22292367528881452,2.853825695157509e-14,5.661042967223737e-17,312571584968823.5,400,0.0011291420613914012
0.22292367528881452,2.853825695157509e-14,5.661042967223737e-17,343046928631492.6,400,0.0011294354873804724
0.22292367528881452,2.853825695157509e-14,5.661042967223737e-17,376493580679247.1,400,0.0011297537632390254
0.22292367528881452,2.853825695157509e-14,5.661042967223737e-17,413201240011533.44,400,0.00113009862574811
0.22292367528881452,2.853825695157509e-14,5.661042967223737e-17,453487850812859.1,400,0.0011304718645555804
0.22292367528881452,2.853825695157509e-14,5.661042967223737e-17,497702356433211.4,400,0.0011308753100686025
0.22292367528881452,2.853825695157509e-14,5.661042967223737e-17,546227721768433.7,400,0.0011313108183128014
0.22292367528881452,2.853825695157509e-14,5.661042967223737e-17,599484250318942.1,400,0.0011317802524636448
0.22292367528881452,2.853825695157509e-14,5.661042967223737e-17,657933224657568.2,400,0.0011322854607950764
0.22292367528881452,2.853825695157509e-14,5.661042967223737e-17,722080901838545.6,400,0.0011328282508529046
0.22292367528881452,2.853825695157509e-14,5.661042967223737e-17,792482898353918.6,400,0.001133410359749849
0.22292367528881452,2.853825695157509e-14,5.661042967223737e-17,869749002617783.4,400,0.001134033420598674
0.22292367528881452,2.853825695157509e-14,5.661042967223737e-17,954548456661832.8,400,0.0011346989252516608
0.22292367528881452,2.853825695157509e-14,5.661042967223737e-17,1047615752789666.2,400,0.0011354081836991263
0.22292367528881452,2.853825695157509e-14,5.661042967223737e-17,1149756995397735.8,400,0.0011361622806947492
0.22292367528881452,2.853825695157509e-14,5.661042967223737e-17,1261856883066018.5,400,0.0011369620304159081
0.22292367528881452,2.853825695157509e-14,5.661042967223737e-17,1384886371393874.5,400,0.0011378079302240658
0.22292367528881452,2.853825695157509e-14,5.661042967223737e-17,1519911082952933.2,400,0.0011387001148503615
0.22292367528881452,2.853825695157509e-14,5.661042967223737e-17,1668100537200055.8,400,0.0011396383125775948
0.22292367528881452,2.853825695157509e-14,5.661042967223737e-17,1830738280295369.8,400,0.0011406218052005944
0.22292367528881452,2.853825695157509e-14,5.661042967223737e-17,2009233002565046.0,400,0.0011416493936987323
0.22292367528881452,2.853825695157509e-14,5.661042967223737e-17,2205130739903041.0,400,0.0011427193716223461
0.22292367528881452,2.853825695157509e-14,5.661042967223737e-17,2420128264794383.5,400,0.0011438295081558835
0.22292367528881452,2.853825695157509e-14,5.661042967223737e-17,2656087782946684.0,400,0.0011449770426560173
0.22292367528881452,2.853825695157509e-14,5.661042967223737e-17,2915053062825181.5,400,0.001146158692161888
0.22292367528881452,2.853825695157509e-14,5.661042967223737e-17,3199267137797384.5,400,0.0011473706729367766
0.22292367528881452,2.853825695157509e-14,5.661042967223737e-17,3511191734215142.0,400,0.0011486087365386874
0.22292367528881452,2.853825695157509e-14,5.661042967223737e-17,3853528593710535.5,400,0.001149868220258177
0.22292367528881452,2.853825695157509e-14,5.661042967223737e-17,4229242874389499.0,400,0.0011511441110452993
0.22292367528881452,2.853825695157509e-14,5.661042967223737e-17,4641588833612792.0,400,0.0011524311213241092
0.22292367528881452,2.853825695157509e-14,5.661042967223737e-17,5094138014816386.0,400,0.0011537237744193216
0.22292367528881452,2.853825695157509e-14,5.661042967223737e-17,5590810182512223.0,400,0.0011550164967520863
0.22292367528881452,2.853825695157509e-14,5.661042967223737e-17,6135907273413188.0,400,0.0011563037135506114
0.22292367528881452,2.853825695157509e-14,5.661042967223737e-17,6734150657750828.0,400,0.0011575799446042374
0.22292367528881452,2.853825695157509e-14,5.661042967223737e-17,7390722033525775.0,400,0.0011588398965869065
0.22292367528881452,2.853825695157509e-14,5.661042967223737e-17,8111308307896889.0,400,0.0011600785486878917
0.22292367528881452,2.853825695157509e-14,5.661042967223737e-17,8902150854450393.0,400,0.0011612912286944844
0.22292367528881452,2.853825695157509e-14,5.661042967223737e-17,9770099572992246.0,400,0.0011624736772356805
0.22292367528881452,2.853825695157509e-14,5.661042967223737e-17,1.0722672220103254e+16,400,0.0011636220985677688
0.22292367528881452,2.853825695157509e-14,5.661042967223737e-17,1.176811952435004e+16,400,0.001164733197005629
0.22292367528881452,2.853825695157509e-14,5.661042967223737e-17,1.2915496650148828e+16,400,0.001165804198820841
0.22292367528881452,2.853825695157509e-14,5.661042967223737e-17,1.4174741629268076e+16,400,0.0011668328600887813
0.22292367528881452,2.853825695157509e-14,5.661042967223737e-17,1.5556761439304658e+16,400,0.00116781746153152
0.22292367528881452,2.853825695157509e-14,5.661042967223737e-17,1.7073526474706888e+16,400,0.001168756791844447
0.22292367528881452,2.853825695157509e-14,5.661042967223737e-17,1.8738174228603868e+16,400,0.0011696501212990953
0.22292367528881452,2.853825695157509e-14,5.661042967223737e-17,2.05651230834866e+16,400,0.0011704971675824865
0.22292367528881452,2.853825695157509e-14,5.661042967223737e-17,2.257019719633917e+16,400,0.0011712980558751583
0.22292367528881452,2.853825695157509e-14,5.661042967223737e-17,2.477076355991714e+16,400,0.0011720532751044576
0.22292367528881452,2.853825695157509e-14,5.661042967223737e-17,2.718588242732951e+16,400,0.001172763632159643
0.22292367528881452,2.853825695157509e-14,5.661042967223737e-17,2.9836472402833344e+16,400,0.0011734302056457383
0.22292367528881452,2.853825695157509e-14,5.661042967223737e-17,3.2745491628777316e+16,400,0.0011740543005076323
0.22292367528881452,2.853825695157509e-14,5.661042967223737e-17,3.5938136638046404e+16,400,0.0011746374045959352
0.22292367528881452,2.853825695157509e-14,5.661042967223737e-17,3.944206059437648e+16,400,0.0011751811479889986
0.22292367528881452,2.853825695157509e-14,5.661042967223737e-17,4.3287612810830616e+16,400,0.0011756872656445414
0.22292367528881452,2.853825695157509e-14,5.661042967223737e-17,4.750810162102813e+16,400,0.001176157563738561
0.22292367528881452,2.853825695157509e-14,5.661042967223737e-17,5.214008287999674e+16,400,0.001176593889863959
0.22292367528881452,2.853825695157509e-14,5.661042967223737e-17,5.72236765935022e+16,400,0.0011769981071086766
0.22292367528881452,2.853825695157509e-14,5.661042967223737e-17,6.280291441834272e+16,400,0.0011773720719128256
0.22292367528881452,2.853825695157509e-14,5.661042967223737e-17,6.892612104349681e+16,400,0.0011777176155141967
0.22292367528881452,2.853825695157509e-14,5.661042967223737e-17,7.564633275546291e+16,400,0.0011780365287284117
0.22292367528881452,2.853825695157509e-14,5.661042967223737e-17,8.30217568131977e+16,400,0.001178330549770042
0.22292367528881452,2.853825695157509e-14,5.661042967223737e-17,9.111627561154869e+16,400,0.0011786013548002131
0.22292367528881452,2.853825695157509e-14,5.661042967223737e-17,1e+17,400,0.0011788505508806384
